서울특별시 양천구 목동동로 240,37.5258629,126.8728872
서울특별시 양천구 신목로 108-10,37.5234742,126.8760953
서울특별시 양천구 목동동로12길 43-5,37.5229444,126.8738458
서울특별시 양천구 목동동로12길 41-5,37.5229444,126.8738458
서울특별시 양천구 오목로 56길 14,37.5232688,126.8735439
서울특별시 양천구 오목로 56길 10,37.5236477,126.8736887
서울특별시 양천구 목동동로 206-1,37.5238926,126.87197
서울특별시 양천구 목동동로 208-12,37.5238381,126.8723939
서울특별시 양천구 목동중앙본로2길 5,37.5391609,126.8702113
서울특별시 양천구 목동중앙로7길 74,37.5396689,126.869906
서울특별시 양천구 목동중앙본로 50-7,37.5403904,126.8693158
서울특별시 양천구 목동중앙본로 56,37.5408379,126.8690963
서울특별시 양천구 목동중앙본로13길 12,37.541174,126.8683523
서울특별시 양천구 목동중앙본로 15길9,37.5413132,126.8683955
서울특별시 양천구 목동중앙본로 9길7,37.5400788,126.8683926
서울특별시 양천구 목동중앙본로 11길12,37.5406464,126.8682019
서울특별시 양천구 목동중앙본로 60-3,37.5413691,126.8692444
서울특별시 양천구 목동중앙본로 18길 14,37.54144,126.8697831
서울특별시 양천구 목동중앙본로 18길31,37.5413181,126.8707898
서울특별시 양천구 목동중앙본로 20길34,37.5414549,126.8708681
서울특별시 양천구 목동중앙본로 20길15,37.5419354,126.8701332
서울특별시 양천구 목동중앙본로 19길13,37.5420191,126.8684369
서울특별시 양천구 목동중앙본로 18길10,37.5414694,126.8695586
서울특별시 양천구 목동중앙본로 18길4,37.5408562,126.8715011
서울특별시 양천구 목동중앙본로2길 19,37.5396057,126.8704626
서울특별시 양천구 목동중앙본로 2길32,37.540127,126.8707037
서울특별시 양천구 목동중앙본로 2길37,37.5404709,126.8704812
서울특별시 양천구 목동중앙본로 2길38-23,37.5400477,126.8718353
서울특별시 양천구 목동중앙본로2길 38-39,37.5396273,126.8726224
서울특별시 양천구 목동중앙본로 2길 38-45,37.5395366,126.8729394
서울특별시 양천구 목동중앙본로 2길 28-41,37.5392418,126.8726406
서울특별시 양천구 목동중앙본로 2길 28-27,37.5395558,126.8720203
서울특별시 양천구 목동중앙본로 2길 28-15,37.5398439,126.8713393
서울특별시 양천구 목동중앙본로 18길62,37.540467,126.8721446
서울특별시 양천구 목동중앙본로 18길79,37.5402195,126.8731249
서울특별시 양천구 목동중앙본로 2길 46-42,37.5397834,126.8727445
서울특별시 양천구 목동중앙본로2길 46-19,37.5404346,126.8717706
서울특별시 양천구 목동중앙본로22길 32,37.5418614,126.8708846
서울특별시 양천구 목동중앙본로24길 40,37.5419118,126.8714428
서울특별시 양천구 목동중앙본로22길 51,37.5415825,126.8719581
서울특별시 양천구 목동중앙본로 22길64,37.541048,126.8725987
서울특별시 양천구 목동중앙본로 20길61,37.5409456,126.8724497
서울특별시 양천구 목동중앙본로 26길42,37.542086,126.8720365
서울특별시 양천구 목동중앙본로 26길36,37.5422865,126.871616
서울특별시 양천구 목동중앙본로 24길22,37.5421879,126.8706318
서울특별시 양천구 목동중앙본로 80-13,37.5427674,126.8704613
서울특별시 양천구 목동중앙본로 26길22,37.5425548,126.8710269
서울특별시 양천구 목동중앙북로 16길 117,37.5428541,126.8717058
서울특별시 양천구 목동중앙북로 16길 101,37.5437211,126.8728807
서울특별시 양천구 목동중앙북로 16길 94,37.5426997,126.8730853
서울특별시 양천구 목동중앙북로 16길 85,37.542521,126.8736153
서울특별시 양천구 목동중앙본로 28길57,37.5432114,126.8735472
서울특별시 양천구 목동중앙본로 28길45,37.5431921,126.8728482
서울특별시 양천구 목동중앙본로 28길35,37.5433466,126.8723276
서울특별시 양천구 목동중앙본로 28길32,37.5429825,126.8723161
서울특별시 양천구 목동중앙본로 28길25-5,37.5437317,126.8717979
서울특별시 양천구 목동중앙본로 28길25-10,37.5437987,126.8721182
서울특별시 양천구 목동중앙본로 30가길32,37.5454351,126.8718423
서울특별시 양천구 목동중앙본로 30가길32,37.5454351,126.8718423
서울특별시 양천구 목동중앙본로 30가길54,37.5456276,126.8720876
서울특별시 양천구 목동중앙본로 30길50,37.5448216,126.8727987
서울특별시 양천구 목동중앙본로 28길37-8,37.5435454,126.8727603
서울특별시 양천구 목동중앙북로 14길 64,37.5433572,126.8728729
서울특별시 양천구 목동중앙북로 14길 56,37.5438213,126.8729688
서울특별시 양천구 목동중앙북로 14길 41,37.5443464,126.8733253
서울특별시 양천구 목동중앙북로 16길 45,37.5441617,126.8740863
서울특별시 양천구 목동중앙북로 16길 16,37.5455511,126.8736172
서울특별시 양천구 목동중앙북로 16길 48,37.5437211,126.8728807
서울특별시 양천구 목동중앙북로16가길 43,37.5437164,126.8758662
서울특별시 양천구 목동중앙북로 102-10,37.5457389,126.8743104
서울특별시 양천구 목동중앙북로 18길 25,37.5448693,126.8753442
서울특별시 양천구 목동중앙북로 18길 33,37.5447119,126.8752798
서울특별시 양천구 목동중앙북로 24길 64,37.5443801,126.8760135
서울특별시 양천구 목동중앙북로 20길 26,37.545079,126.8756035
서울특별시 양천구 목동중앙북로 20길 17,37.5453829,126.8759136
서울특별시 양천구 목동중앙북로 120-12,37.5457877,126.8761304
서울특별시 양천구 목동중앙북로 22길 15,37.5456933,126.8768108
서울특별시 양천구 목동중앙북로24길 36,37.5453268,126.8771162
서울특별시 양천구 목동중앙북로24길 11-21,37.5460308,126.8792342
서울특별시 양천구 목동중앙북로24길 11-15,37.5459902,126.878849
서울특별시 양천구 목동중앙북로24길 1-31,37.546178,126.8797481
서울특별시 양천구 목동중앙로13나길20,37.5458365,126.8800338
서울특별시 양천구 목동중앙로13나길20-23,37.5450108,126.8803698
서울특별시 양천구 목동중앙로13나길69,37.5439654,126.8799679
서울특별시 양천구 목동중앙로13나길61,37.5447404,126.8801704
서울특별시 양천구 목동중앙로13나길54,37.5444396,126.8802799
서울특별시 양천구 목동중앙로13나길42-5,37.5448795,126.880683
서울특별시 양천구 목동중앙로13나길34,37.5451988,126.8805311
서울특별시 양천구 목동중앙로13다길26-9,37.5441327,126.8809838
서울특별시 양천구 목동중앙로13다길26-7,37.5440719,126.881133
서울특별시 양천구 목동중앙로13길 19-43,37.5447957,126.8813462
서울특별시 양천구 목동중앙로13나길37,37.5447404,126.8801704
서울특별시 양천구 목동중앙로13나길45,37.5447404,126.8801704
서울특별시 양천구 목동중앙북로24길1-16,37.5461255,126.8788662
서울특별시 양천구 목동중앙북로131,37.5466005,126.8778361
서울특별시 양천구 목동중앙북로 112,37.5460908,126.8754967
서울특별시 양천구 목동중앙본로93,37.5438986,126.8703084
서울특별시 양천구 목동중앙본로27길14,37.5441137,126.8697201
서울특별시 양천구 목동중앙본로27길37,37.5442927,126.8683753
서울특별시 양천구 목동중앙북로8길 132,37.5444141,126.8678801
서울특별시 양천구 목동중앙북로8길 130,37.5444222,126.8677827
서울특별시 양천구 목동중앙북로8길122,37.5444185,126.8673969
서울특별시 양천구 목동중앙북로8길120-13,37.543961,126.8672307
서울특별시 양천구 목동중앙북로8길129-42,37.5461756,126.8687237
서울특별시 양천구 목동중앙북로8길129-26,37.5456309,126.8684841
서울특별시 양천구 목동중앙북로10길40,37.5455814,126.8686795
서울특별시 양천구 목동중앙본로31길33,37.5458326,126.8691272
서울특별시 양천구 목동중앙북로10길51,37.5448963,126.8687397
서울특별시 양천구 목동중앙본로 29길 31,37.544647,126.8688611
서울특별시 양천구 목동중앙본로 29길20-14,37.5451422,126.869957
서울특별시 양천구 목동중앙본로15길 20,37.5415654,126.8679153
서울특별시 양천구 목동중앙본로18가길 11,37.5409906,126.8702742
서울특별시 양천구 목동중앙본로 30길17,37.5440606,126.8716118
서울특별시 양천구 목동중앙본로28길 37-19,37.5440415,126.8727211
서울특별시 양천구 목동중앙본로31길 25,37.5456309,126.8697029
서울특별시 양천구 목동중앙본로7길 22,37.5397789,126.8674648
서울특별시 양천구 목동중앙본로7가길 22,37.5405281,126.8672294
서울특별시 양천구 목동중앙본로7가길26-11,37.5409355,126.8677155
서울특별시 양천구 목동중앙본로7가길 29,37.540878,126.8669854
서울특별시 양천구 목동중앙본로15길 35,37.5412708,126.8670745
서울특별시 양천구 목동중앙본로7가길 51,37.5418084,126.8666658
서울특별시 양천구 목동중앙본로7가길 58-10,37.5422582,126.8672417
서울특별시 양천구 목동중앙본로7가길 68-18,37.542637,126.8675709
서울특별시 양천구 목동중앙본로7가길 67-8,37.5423504,126.8661483
서울특별시 양천구 목동중앙본로7가길 67-16,37.5421107,126.8658713
서울특별시 양천구 목동중앙남로14가길 17,37.5413312,126.8659533
서울특별시 양천구 목동중앙남로3가길 102,37.5401001,126.8646028
서울특별시 양천구 목동중앙남로13길 11,37.5401746,126.8649513
서울특별시 양천구 목동중앙남로 100,37.5421099,126.8641005
서울특별시 양천구 목동중앙남로16길 23,37.5428417,126.8651417
서울특별시 양천구 목동중앙남로14가길 40,37.5421122,126.8653633
서울특별시 양천구 목동중앙본로7가길 81-12,37.5426399,126.8654299
서울특별시 양천구 목동중앙본로7가길 84,37.543143,126.8659349
서울특별시 양천구 목동중앙남로16길 47,37.5436625,126.8659848
서울특별시 양천구 목동중앙북로8가길 23,37.5466156,126.866026
서울특별시 양천구 목동중앙남로16다길 12,37.5435768,126.86522
서울특별시 양천구 목동중앙남로16나길 26,37.5435187,126.8647139
서울특별시 양천구 목동중앙남로16가길 16-17,37.543506,126.8638575
서울특별시 양천구 목동중앙남로16가길 28-7,37.5431898,126.8632037
서울특별시 양천구 목동중앙남로16라길 30,37.5448644,126.8631602
서울특별시 양천구 목동중앙남로16라길 39,37.5452055,126.8630339
서울특별시 양천구 목동중앙남로16마길 20,37.5444815,126.864387
서울특별시 양천구 목동중앙남로16나길 38-7,37.5442231,126.8649669
서울특별시 양천구 목동중앙남로16다길 6-16,37.5438741,126.8659736
서울특별시 양천구 목동중앙북로8길 84-27,37.5442811,126.8658453
서울특별시 양천구 목동중앙북로8길 84-15,37.5445465,126.8659951
서울특별시 양천구 목동중앙북로8길 84,37.544889,126.8652589
서울특별시 양천구 목동중앙북로8길 58,37.5460487,126.8649799
서울특별시 양천구 목동중앙남로16나길 64,37.5452692,126.8646885
서울특별시 양천구 목동중앙북로8길 46,37.5464859,126.8649065
서울특별시 양천구 목동중앙북로2길 40,37.5469515,126.8633887
서울특별시 양천구 목동중앙북로5길 14,37.5489556,126.8656533
서울특별시 양천구 목동중앙북로7길 13,37.5486944,126.8672564
서울특별시 양천구 목동중앙북로7가길 46-1,37.5497231,126.8653554
서울특별시 양천구 목동중앙북로1길 20,37.5494454,126.864495
서울특별시 양천구 목동중앙북로4길 36,37.5469953,126.8639143
서울특별시 양천구 목동중앙남로14길 9-7,37.5406851,126.8657594
서울특별시 양천구 목동중앙남로 81-1,37.540932,126.8650982
서울특별시 양천구 목동중앙서로 39-14,37.5333768,126.8685675
서울특별시 양천구 목동중앙서로11길 11,37.5334608,126.8687766
서울특별시 양천구 목동중앙서로11길 49-18,37.5343669,126.8663903
서울특별시 양천구 목동중앙서로11길 49-16,37.5343821,126.8665734
서울특별시 양천구 목동중앙서로11길 51,37.534697,126.8670902
서울특별시 양천구 목동중앙남로 11-10,37.5350543,126.86836
서울특별시 양천구 목동중앙남로 11-19,37.534903,126.8689314
서울특별시 양천구 목동중앙로 57,37.5345963,126.869461
서울특별시 양천구 목동중앙서로11길 30-21,37.5342774,126.8687111
서울특별시 양천구 목동중앙서로11길 40,37.5344431,126.8677673
서울특별시 양천구 목동중앙서로9길 34,37.5337515,126.8666813
서울특별시 양천구 목동중앙서로11길 60-3,37.5350535,126.8667703
서울특별시 양천구 목동중앙서로11길 73,37.5345938,126.8671939
서울특별시 양천구 목동중앙남로 21-18,37.5356177,126.866971
서울특별시 양천구 목동중앙남로 21-7,37.5357629,126.8675482
서울특별시 양천구 목동중앙남로 15-1,37.5356261,126.8682291
서울특별시 양천구 목동중앙남로 12-16,37.5359564,126.8693115
서울특별시 양천구 목동중앙로3길 17,37.5361888,126.869592
서울특별시 양천구 목동중앙남로 10,37.5354353,126.8690964
서울특별시 양천구 목동중앙남로2길 16,37.5362844,126.8689467
서울특별시 양천구 목동중앙로3길 42,37.5370957,126.8687896
서울특별시 양천구 목동중앙로3길 95,37.5390179,126.8671368
서울특별시 양천구 목동중앙본로7길 21,37.5395997,126.8674833
서울특별시 양천구 목동중앙남로4길 20,37.5368389,126.8683262
서울특별시 양천구 목동중앙본로5길 26,37.5386056,126.8679216
서울특별시 양천구 목동중앙본로3길 25,37.5383163,126.8687655
서울특별시 양천구 목동중앙본로5길 51,37.5378166,126.868523
서울특별시 양천구 목동중앙로5길 49,37.5381804,126.8695314
서울특별시 양천구 목동중앙로5길 43,37.5379322,126.869775
서울특별시 양천구 목동중앙로5가길 31,37.5379148,126.8704983
서울특별시 양천구 목동중앙로5길 30,37.5376478,126.8706562
서울특별시 양천구 목동중앙로5길 14,37.5373401,126.8712628
서울특별시 양천구 목동중앙로5가길 8,37.5374178,126.8717629
서울특별시 양천구 목동중앙본로3길 10,37.5391133,126.8688101
서울특별시 양천구 목동중앙본로1길 8,37.5387191,126.8697122
서울특별시 양천구 목동중앙본로3길 13,37.5388722,126.8690445
서울특별시 양천구  곰달래로 5길 76,37.5353354,126.8303509
서울특별시 양천구  곰달래로 5길 67,37.5348802,126.8309667
서울특별시 양천구  곰달래로 5길 63,37.534781,126.8315046
서울특별시 양천구  남부순환로 57길 10,37.5334886,126.8310167
서울특별시 양천구  가로공원로 70길 14,37.5358833,126.8322715
서울특별시 양천구  가로공원로 66길 37,37.5358775,126.8336022
서울특별시 양천구  곰달래로 9길 51,37.5340945,126.8335179
서울특별시 양천구  곰달래로 9길 46,37.5334911,126.8341847
서울특별시 양천구  월정로 33길 22,37.5349822,126.832539
서울특별시 양천구  곰달래로 7길 21,37.5330362,126.8335236
서울특별시 양천구  남부순환로 63길 20,37.5287889,126.8351268
서울특별시 양천구  곰달래로 2길 15,37.528464,126.8343512
서울특별시 양천구  곰달래로 2길 16,37.5279417,126.834107
서울특별시 양천구  곰달래로 2길 32,37.5270877,126.8347629
서울특별시 양천구  곰달래로 2길 41,37.5268862,126.8360705
서울특별시 양천구  곰달래로 2길 42,37.5266343,126.8359273
서울특별시 양천구  곰달래로 6길 30-7,37.5271135,126.8358214
서울특별시 양천구  남부순환로 65길 12,37.5277997,126.8354193
서울특별시 양천구  곰달래로 12-1,37.5295547,126.8343037
서울특별시 양천구  곰달래로 6길 22,37.5279948,126.8357399
서울특별시 양천구  곰달래로 6길 30-1,37.5272316,126.8361952
서울특별시 양천구  곰달래로 6길 38,37.5266844,126.8365352
서울특별시 양천구  월정로 13길 24,37.5267219,126.8373254
서울특별시 양천구  월정로 13길 17,37.5266345,126.8380542
서울특별시 양천구  월정로 15길 7,37.5275755,126.8389096
서울특별시 양천구  곰달래로 10길 33-6,37.5271291,126.8384142
서울특별시 양천구  곰달래로 10길 30,37.5274765,126.8375456
서울특별시 양천구  월정로 17길 24-20,37.5287575,126.8364261
서울특별시 양천구  곰달래로 6길 5-9,37.5294268,126.8355886
서울특별시 양천구  곰달래로 6길 5-24,37.5292284,126.8362966
서울특별시 양천구  곰달래로 10길,37.527874,126.8375334
서울특별시 양천구  월정로 17길 12,37.5281063,126.8381004
서울특별시 양천구  곰달래로 14길 16,37.5286257,126.8381421
서울특별시 양천구  곰달래로 5길 17-1,37.5310487,126.8335812
서울특별시 양천구  마을마당 공영주차장 앞,37.530697,126.8331486
서울특별시 양천구  곰달래로 1길 19,37.5311756,126.8322849
서울특별시 양천구  곰달래로 3길 35,37.5324489,126.8321214
서울특별시 양천구  곰달래로 1길 54,37.5340618,126.8305835
서울특별시 양천구  서부여성발전센터,37.534175,126.829846
서울특별시 양천구  오목로 76-2,37.5227376,126.8462429
서울특별시 양천구  오목로 10길 8,37.5216499,126.8439247
서울특별시 양천구  오목로 10길 7-3,37.5219721,126.8444379
서울특별시 양천구  오목로 72-2,37.5224107,126.8453316
서울특별시 양천구  오목로 88,37.5228457,126.8472469
서울특별시 양천구  오목로 90,37.5229015,126.847702
서울특별시 양천구  오목로 100,37.5233158,126.8486119
서울특별시 양천구  오목로 102-1,37.5233889,126.8489016
서울특별시 양천구  중앙로 57길 2,37.5272623,126.8486112
서울특별시 양천구  중앙로 55길 16,37.5266043,126.8474731
서울특별시 양천구  중앙로 55길 22,37.5265311,126.8469934
서울특별시 양천구  중앙로 55길 24,37.5264799,126.8467339
서울특별시 양천구  중앙로 55길 30,37.5264649,126.8459377
서울특별시 양천구  중앙로 55길 32,37.5264201,126.8455967
서울특별시 양천구  오목로 13길 33,37.5258463,126.8445003
서울특별시 양천구  오목로 13길 39,37.5263248,126.8443198
서울특별시 양천구  중앙로 57길 49,37.526189,126.8436137
서울특별시 양천구  중앙로 55길 54-1,37.5260077,126.843414
서울특별시 양천구  월정로 8길 12,37.5252244,126.8433786
서울특별시 양천구  오목로 9길 19,37.5238839,126.8425723
서울특별시 양천구  오목로 11길 17-15,37.5239385,126.843093
서울특별시 양천구  오목로 11길 20,37.5244425,126.8446905
서울특별시 양천구  중앙로 51길 59,37.5236455,126.8438057
서울특별시 양천구  오목로 9길 12,37.5233913,126.8431546
서울특별시 양천구  오목로 11길 9-12,37.5235287,126.8436548
서울특별시 양천구  중앙로 51길 51,37.5237729,126.8445832
서울특별시 양천구  오목로 13길 16-1,37.5243866,126.8455082
서울특별시 양천구  오목로 13길 16,37.5241966,126.8455235
서울특별시 양천구  오목로 15길 20,37.5246254,126.8459796
서울특별시 양천구  오목로 15길 22,37.5249414,126.8458548
서울특별시 양천구  중앙로 53길 34,37.525552,126.8460989
서울특별시 양천구  중앙로 53길 25,37.525415,126.8457988
서울특별시 양천구  오목로 15길 32-7,37.5259276,126.8461791
서울특별시 양천구  중앙로 53길 22-10,37.5260862,126.8472944
서울특별시 양천구  중앙로 51길 26-10,37.5250934,126.8477667
서울특별시 양천구  중앙로 51길 26-2,37.5247086,126.8477579
서울특별시 양천구  중앙로 51길 6,37.5250445,126.8495922
서울특별시 양천구  중앙로 53길 5,37.5253231,126.8487723
서울특별시 양천구  중앙로 53길 12-7,37.5261221,126.8482045
서울특별시 양천구  중앙로 55길 9,37.5265089,126.8481341
서울특별시 양천구  오목로 19길 1,37.5233239,126.8470461
서울특별시 양천구  오목로 81,37.5231728,126.8466084
서울특별시 양천구  남부순환로64길 37-9,37.52765,126.8318536
서울특별시 양천구  남부순환로64길 37-3,37.52765,126.8318536
서울특별시 양천구  남부순환로64길 29,37.5259565,126.8329862
서울특별시 양천구  남부순환로64길 27,37.5264971,126.8329823
서울특별시 양천구  남부순환로64길 23-1,37.5267645,126.8330551
서울특별시 양천구  남부순환로 442,37.5280874,126.8329813
서울특별시 양천구  남부순환로58길 41,37.529182,126.8319585
서울특별시 양천구  남부순환로58길 31-19,37.5293429,126.8318349
서울특별시 양천구  남부순환로58길 27,37.5296718,126.8311939
서울특별시 양천구  남부순환로62길 14,37.5304482,126.8301715
서울특별시 양천구  남부순환로62길 32,37.5303503,126.8281048
서울특별시 양천구  남부순환로62길 21,37.5303696,126.829772
서울특별시 양천구  남부순환로58길 24-16,37.5300139,126.8296228
서울특별시 양천구  남부순환로58길 24-12,37.5300325,126.8298669
서울특별시 양천구  남부순환로58길 24-8,37.5300514,126.8301324
서울특별시 양천구  남부순환로60길 8,37.5308716,126.8299805
서울특별시 양천구  남부순환로56가길 13,37.5312251,126.8301854
서울특별시 양천구  남부순환로54길 2,37.5338583,126.8289608
서울특별시 양천구  남부순환로56가길 1,37.5323388,126.8297346
서울특별시 양천구  남부순환로56길 15,37.5315759,126.8286763
서울특별시 양천구  남부순환로54길 28-1,37.5320968,126.8284124
서울특별시 양천구  남부순환로54길 32,37.5319419,126.8281523
서울특별시 양천구  가로공원로58길 35-1,37.5315486,126.8252949
서울특별시 양천구  가로공원로58길 13,37.5336445,126.8247619
서울특별시 양천구  가로공원로60가길 15,37.5344885,126.8266314
서울특별시 양천구  가로공원로56길 27-1,37.5349634,126.8258263
서울특별시 양천구  가로공원로 66,37.5349317,126.8231871
서울특별시 양천구  남부순환로36길 25-1,37.5358259,126.824937
서울특별시 양천구  남부순환로36길 27-1,37.5357845,126.8246706
서울특별시 양천구  가로공원로55길 20-1,37.5361659,126.8245198
서울특별시 양천구  가로공원로55길 26,37.5362756,126.8251291
서울특별시 양천구  월정로 63,37.5251718,126.8410489
서울특별시 양천구  오목로7길 30,37.5245897,126.8411314
서울특별시 양천구  월정로9길 11-2,37.5249005,126.8400236
서울특별시 양천구  월정로7길 10,37.5242577,126.8404499
서울특별시 양천구  오목로5길 14,37.5229405,126.8410087
서울특별시 양천구  오목로3길 12,37.5226084,126.8396756
서울특별시 양천구  오목로 31,37.5223088,126.8409133
서울특별시 양천구  오목로3길 16,37.5229057,126.8394866
서울특별시 양천구  오목로3길 32,37.5239674,126.8386013
서울특별시 양천구  월정로11길 24,37.5254623,126.838241
서울특별시 양천구  월정로11길 20,37.5255834,126.8386407
서울특별시 양천구  월정로11길 16,37.5255727,126.8390267
서울특별시 양천구  오목로5길 42,37.5253251,126.839595
서울특별시 양천구  오목로5길 38,37.5250584,126.8396795
서울특별시 양천구  월정로11길 5,37.5256114,126.8394767
서울특별시 양천구  국회대로 50,37.5260483,126.8404708
서울특별시 양천구  오목로5길 8,37.5225222,126.8412618
서울특별시 양천구  남부순환로67길 16,37.5240508,126.8379133
서울특별시 양천구  오목로1길 35,37.5235048,126.8373456
서울특별시 양천구  남부순환로67길 2,37.5236558,126.8366897
서울특별시 양천구  남부순환로 497,37.5246128,126.8345948
서울특별시 양천구  남부순환로 495,37.5243155,126.8363389
서울특별시 양천구  오목로3길 50,37.5254941,126.837814
서울특별시 양천구  오목로1길 51,37.5251745,126.8370134
서울특별시 양천구  오목로3길 47,37.5253035,126.8373995
서울특별시 양천구  오목로3길 31,37.5240036,126.8381527
서울특별시 양천구  오목로3길 23,37.5234332,126.8386084
서울특별시 양천구  오목로3길 5-13,37.5215853,126.8388011
서울특별시 양천구  오목로3길 5-7,37.521685,126.8392294
서울특별시 양천구  오목로3길 5-2,37.5219139,126.83933
서울특별시 양천구  오목로3길 3,37.5217986,126.8396089
서울특별시 양천구  남부순환로71길 6,37.5215236,126.8380328
서울특별시 양천구  오목로1길 20,37.5228357,126.8377704
서울특별시 양천구  오목로3길 16-1,37.5230306,126.8392686
서울특별시 양천구  오목로3길 7,37.5221666,126.839369
서울특별시 양천구  월정로 11,37.5208747,126.8436097
서울특별시 양천구  오목로4길 25,37.5212556,126.84239
서울특별시 양천구  오목로4길 11,37.5209993,126.8409675
서울특별시 양천구  오목로4길 5,37.521075,126.8405195
서울특별시 양천구  오목로 26,37.5213905,126.8407114
서울특별시 양천구  오목로 34-1,37.5214473,126.8415409
서울특별시 양천구  오목로 46-2,37.5216691,126.8425714
서울특별시 양천구  월정로 21,37.5216437,126.8431024
서울특별시 양천구  신월로19길 7,37.5203713,126.8432736
서울특별시 양천구  신월로17길 1,37.5190519,126.8424105
서울특별시 양천구  신월로17길 12,37.5199082,126.8423599
서울특별시 양천구  신월로17길 20,37.5203645,126.8422138
서울특별시 양천구  신월로15길 22,37.5203946,126.841694
서울특별시 양천구  신월로19길 9,37.5202885,126.8429186
서울특별시 양천구  남부순환로75길 26,37.5196629,126.842056
서울특별시 양천구  신월로15길 13,37.5195267,126.8415808
서울특별시 양천구  신월로13길 15,37.5194184,126.8409252
서울특별시 양천구  남부순환로77길 9-1,37.5187476,126.8406912
서울특별시 양천구  신월로13길 12,37.5191435,126.8413763
서울특별시 양천구  신월로15길 20,37.5202685,126.8418894
서울특별시 양천구  신월로15길 26,37.5205681,126.8413848
서울특별시 양천구  남부순환로73길 15-9,37.5207725,126.8398092
서울특별시 양천구  남부순환로73길 15-1,37.5203643,126.8399818
서울특별시 양천구  신월로9길 24,37.5194232,126.8394851
서울특별시 양천구  신월로9길 20,37.5190253,126.8396111
서울특별시 양천구  신월로9길 15,37.5186915,126.839476
서울특별시 양천구  신월로9길 12,37.5183017,126.8398814
서울특별시 양천구  신월로11길 11,37.5183842,126.8401154
서울특별시 양천구  남부순환로75길 3,37.519344,126.8396763
서울특별시 양천구  남부순환로75길 5,37.5193883,126.8400569
서울특별시 양천구  신월로11길 27,37.5197749,126.8396018
서울특별시 양천구  신월로11길 40-1,37.5209138,126.8395152
서울특별시 양천구  월정로 48길 6,37.5410889,126.831577
서울특별시 양천구  월정로 50길 16-2,37.54153,126.8316301
서울특별시 양천구  화곡로 5길 27,37.5417012,126.8289909
서울특별시 양천구  화곡로 5길 19,37.5412132,126.8283931
서울특별시 양천구  화곡로 3길 20-3,37.5411334,126.8275253
서울특별시 양천구  화곡로 3길 25-1,37.5416996,126.8273818
서울특별시 양천구  월정로 291-6,37.5429193,126.8282544
서울특별시 양천구  월정로 316,37.5450329,126.8290542
서울특별시 양천구  화곡로 3가길 7-16,37.5424406,126.8284067
서울특별시 양천구  화곡로 3,37.539452,126.8292256
서울특별시 양천구  남부순환로 27길 9-23,37.5416265,126.8270955
서울특별시 양천구  남분순환로 27길 9-8,37.5408742,126.8268278
서울특별시 양천구  남부순환로 27길 12-1,37.5403173,126.8265537
서울특별시 양천구  남부순환로 29길 6,37.5397618,126.8264141
서울특별시 양천구  남부순환로 29길 17-1,37.5400971,126.827786
서울특별시 양천구  화곡로 5길 11,37.5404612,126.8280609
서울특별시 양천구  남부순환로 27길 3,37.5405478,126.825896
서울특별시 양천구  남부순환로79길 1,37.5166993,126.8401177
서울특별시 양천구  남부순환로80길 13,37.5159084,126.8381278
서울특별시 양천구  남부순환로80길 17-1,37.5157528,126.8376065
서울특별시 양천구  남부순환로80길 21-1,37.5156303,126.8371503
서울특별시 양천구  남부순환로82길 24,37.5153967,126.8370295
서울특별시 양천구  남부순환로82길 21-1,37.5152317,126.8373883
서울특별시 양천구  남부순환로82길 16-2,37.5156022,126.8376801
서울특별시 양천구  남부순환로82길 14,37.5157297,126.8380921
서울특별시 양천구  남부순환로82길 12,37.5158095,126.8383284
서울특별시 양천구  남부순환로82길 9-1,37.5156334,126.8388334
서울특별시 양천구  남부순환로82길 5-2,37.5156327,126.8391309
서울특별시 양천구  남부순환로86길 6,37.5139131,126.840102
서울특별시 양천구  남부순환로 614,37.5140037,126.8403303
서울특별시 양천구  남부순환로70길 6,37.5221393,126.8360402
서울특별시 양천구  지양로16길 56,37.5223705,126.8359155
서울특별시 양천구  지양로16길 52,37.5226302,126.8357588
서울특별시 양천구  남부순환로 508,37.5230148,126.8360175
서울특별시 양천구  남부순환로 502,37.5234492,126.8357494
서울특별시 양천구  남부순환로66길 9,37.5231784,126.8349708
서울특별시 양천구  남부순환로70길 16-7,37.522035,126.8346028
서울특별시 양천구  지양로16길 46-6,37.5230481,126.8350927
서울특별시 양천구  남부순환로70길 8-9,37.5224658,126.8353427
서울특별시 양천구  남부순환로70길,37.521906,126.8352166
서울특별시 양천구  남부순환로70길 11-4,37.5214062,126.8354418
서울특별시 양천구  남부순환로70길 17-8,37.5210049,126.8352252
서울특별시 양천구  남부순환로70길 17-6,37.5211089,126.835167
서울특별시 양천구  모솔길공원 앞,37.489204,126.880408
서울특별시 양천구  남부순환로70길 19-5,37.5210583,126.8349709
서울특별시 양천구  남부순환로70길 20-6,37.522006,126.834403
서울특별시 양천구  지양로10길 17-15,37.5238767,126.8335096
서울특별시 양천구  지양로14길 12,37.5237524,126.8333362
서울특별시 양천구  지양로10길 7-7,37.523278,126.8330981
서울특별시 양천구  지양로14길 5-6,37.5238166,126.8323464
서울특별시 양천구  지양로14길 5-12,37.5240946,126.8322199
서울특별시 양천구  지양로16길 8,37.5242901,126.8321275
서울특별시 양천구  지양로 104,37.5241824,126.8315296
서울특별시 양천구  지양로16길 10,37.5243244,126.8323114
서울특별시 양천구  지양로16길 13-1,37.5245812,126.8326796
서울특별시 양천구  지양로16길 15,37.5246226,126.8328588
서울특별시 양천구  지양로16길 26-1,37.5241478,126.8338663
서울특별시 양천구  지양로16길 29-1,37.5241929,126.8344142
서울특별시 양천구  지양로16길 34,37.5238406,126.8346867
서울특별시 양천구  지양로10길 22,37.523655,126.8350584
서울특별시 양천구  지양로10길 16-1,37.5234978,126.8346491
서울특별시 양천구  지양로10길 15,37.5235886,126.8343501
서울특별시 양천구  지양로7길 5-12,37.5211575,126.8335157
서울특별시 양천구  지양로7길 13-4,37.5209976,126.8330205
서울특별시 양천구  지양로9길 19,37.5209182,126.832007
서울특별시 양천구  지양로7길 17-4,37.5207234,126.8327216
서울특별시 양천구  지양로7길 19,37.5206795,126.8323829
서울특별시 양천구  양천중학교 정문 앞,37.5196695,126.8307911
서울특별시 양천구  지양로7길 31,37.519759,126.8315952
서울특별시 양천구  지양로7길 35,37.5195283,126.831497
서울특별시 양천구  지양로7길 37-1,37.5192814,126.8314047
서울특별시 양천구  지양로7길 43,37.5189052,126.831268
서울특별시 양천구  지양로7길 27-20,37.5189758,126.8314886
서울특별시 양천구  지양로7길 27-8,37.5196823,126.8317627
서울특별시 양천구  지양로7길 28-2,37.5203715,126.8314827
서울특별시 양천구  지양로7길 28-8,37.5205768,126.8311107
서울특별시 양천구  지양로7길 28-14,37.5207936,126.8307069
서울특별시 양천구  지양로7길 24-17,37.5209891,126.8307083
서울특별시 양천구  지양로11길 22-2,37.5213186,126.8313152
서울특별시 양천구  지양로11길 16-15,37.5216138,126.8307348
서울특별시 양천구  지양로11길 16-9,37.521644,126.8310511
서울특별시 양천구  지양로11길 12,37.5218341,126.8319588
서울특별시 양천구  지양로11길 4,37.5224748,126.8325167
서울특별시 양천구  양지근린공원 앞,37.5225,126.8309364
서울특별시 양천구  지양로13길 14,37.5225922,126.8306324
서울특별시 양천구  지양로13길 20,37.5223895,126.8301752
서울특별시 양천구  지양로13길 21,37.5221036,126.8301502
서울특별시 양천구  지양로15길 22,37.5224957,126.8295309
서울특별시 양천구  지양로15길 13,37.5227471,126.8305327
서울특별시 양천구  지양로15길 15-1,37.5226918,126.8304103
서울특별시 양천구  지양로15길 7,37.5230362,126.8311549
서울특별시 양천구  지양로15길 1,37.5232535,126.8316244
서울특별시 양천구  지양로2길 37,37.5196277,126.8363688
서울특별시 양천구  지양로2길 38,37.5198575,126.8366446
서울특별시 양천구  지양로2길 36-3,37.5199019,126.8370399
서울특별시 양천구  지양로2길,37.5187717,126.8376514
서울특별시 양천구  남부순환로74길 9,37.519222,126.837349
서울특별시 양천구  지양로2길 11,37.5179066,126.8380912
서울특별시 양천구  신월로5길 28,37.5169941,126.8377558
서울특별시 양천구  신월로5길 20,37.5167545,126.8370287
서울특별시 양천구  신월로7길 2,37.5167043,126.8368689
서울특별시 양천구  신월로5길 4,37.5163307,126.8356236
서울특별시 양천구  신월로5길 10,37.516417,126.8358779
서울특별시 양천구  신월로5길 14-1,37.5165842,126.8364749
서울특별시 양천구  신월로7길 12-1,37.517117,126.837143
서울특별시 양천구  신월로7길 16,37.5172836,126.8374176
서울특별시 양천구  지양로3길 3,37.5186159,126.8366526
서울특별시 양천구 신월로 220,37.5212933,126.8466124
서울특별시 양천구 신월로 228,37.5219075,126.8470453
서울특별시 양천구 중앙로45길 22-15,37.5218008,126.8506987
서울특별시 양천구 중앙로45길 27-16,37.520906,126.8495845
서울특별시 양천구 중앙로 38,37.520694,126.8523726
서울특별시 양천구 중앙로45길 31-15,37.5212946,126.8488693
서울특별시 양천구 중앙로29길 108,37.5208696,126.8486258
서울특별시 양천구 중앙로29길120-24,37.5216404,126.8481105
서울특별시 양천구 중앙로29길120-13,37.5220925,126.8480911
서울특별시 양천구 중앙로29길98,37.520132,126.8487502
서울특별시 양천구 중앙로29길88,37.5192862,126.8486829
서울특별시 양천구 중앙로39길,37.5192259,126.8497815
서울특별시 양천구 중앙로29길82,37.5187275,126.8486757
서울특별시 양천구 중앙로29길54,37.5163477,126.8487575
서울특별시 양천구 중앙로47길54,37.5170968,126.848979
서울특별시 양천구 중앙로47길61,37.5163477,126.8487575
서울특별시 양천구 중앙로47길46,37.5175274,126.8493355
서울특별시 양천구 중앙로29가길9,37.5172647,126.8501121
서울특별시 양천구 중앙로25길48,37.5154016,126.8489406
서울특별시 양천구 중앙로25길40,37.5154733,126.8497335
서울특별시 양천구 중앙로25길28,37.5155562,126.8511236
서울특별시 양천구 중앙로25길24,37.515594,126.8516762
서울특별시 양천구 중앙로25길38-6,37.5158785,126.8498925
서울특별시 양천구 중앙로29길43-2,37.5159376,126.8492932
서울특별시 양천구 중앙로29길40-3,37.5163112,126.8495442
서울특별시 양천구 중앙로29길29-1,37.5164872,126.8507768
서울특별시 양천구 중앙로29길23,37.5166244,126.8515405
서울특별시 양천구 중앙로23길16,37.5163018,126.8538587
서울특별시 양천구 중앙로215,37.5156194,126.8545648
서울특별시 양천구 중앙로23길14,37.5162121,126.8538985
서울특별시 양천구 중앙로218,37.5160595,126.8549788
서울특별시 양천구 중앙로222-10,37.5165414,126.8551525
서울특별시 양천구 중앙로228,37.5169486,126.8545886
서울특별시 양천구 중앙로34길,37.5200888,126.8537903
서울특별시 양천구 중앙로34가길1,37.5189342,126.8542766
서울특별시 양천구 중앙로34가길13,37.5191339,126.8555427
서울특별시 양천구 중앙로36길10,37.519287,126.8549804
서울특별시 양천구 중앙로36길8-1,37.519188,126.854801
서울특별시 양천구 중앙로36길16-1,37.5194211,126.855889
서울특별시 양천구 중앙로36길28-1,37.5195141,126.8571263
서울특별시 양천구 중앙로36길21,37.5195857,126.8571821
서울특별시 양천구 은행정로5길42,37.5208613,126.8550933
서울특별시 양천구 은행정로5길38,37.5209147,126.8556728
서울특별시 양천구 은행정로5길24,37.5211266,126.857182
서울특별시 양천구 은행정로36길7,37.5245729,126.8593455
서울특별시 양천구 은행정로36길13,37.5245729,126.8593455
서울특별시 양천구 은행정로36길43,37.5245729,126.8593455
서울특별시 양천구 은행정로9,37.5204859,126.8597789
서울특별시 양천구 은행정로6길7,37.5214811,126.8605783
서울특별시 양천구 신월로38길7,37.5212713,126.8612433
서울특별시 양천구 신월로38길9,37.5211643,126.8612664
서울특별시 양천구 중앙로32길67,37.5203807,126.8609276
서울특별시 양천구 신월로372-1,37.5217591,126.8624961
서울특별시 양천구 남부순환로645,37.5246128,126.8345948
서울특별시 양천구 목동로11길20,37.5232966,126.8628155
서울특별시 양천구 목동로46길27,37.5228867,126.8661165
서울특별시 양천구 오목로24길2,37.5238655,126.8515845
서울특별시 양천구 중앙로48길6,37.5229685,126.8523652
서울특별시 양천구 중앙로48길13,37.5233395,126.8529037
서울특별시 양천구 오목로30길1,37.5242909,126.8534457
서울특별시 양천구 오목로29길5,37.5251655,126.8533237
서울특별시 양천구 중앙로52길16-11,37.5249872,126.8519395
서울특별시 양천구 오목로139,37.5246739,126.852898
서울특별시 양천구 중앙로52길8-15,37.5250719,126.8515705
서울특별시 양천구 중앙로322,37.5247669,126.85079
서울특별시 양천구 중앙로334,37.5258119,126.8502061
서울특별시 양천구 중앙로328,37.5253282,126.8505009
서울특별시 양천구 중앙로350,37.5271561,126.8495519
서울특별시 양천구 신정중앙로13,37.5279092,126.8534197
서울특별시 양천구 신정중앙로24,37.5274523,126.854247
서울특별시 양천구 신정중앙로28,37.5273728,126.8547856
서울특별시 양천구 중앙로15길5-11,37.5074571,126.8547438
서울특별시 양천구 중앙로15길2,37.5074571,126.8547438
서울특별시 양천구 은행정로19길22,37.52777,126.8562616
서울특별시 양천구 신정중앙로6-3,37.5276928,126.8522928
서울특별시 양천구 은행정로19가길14-1,37.5283497,126.856944
서울특별시 양천구 은행정로97,37.528321,126.8584457
서울특별시 양천구 은행정로92,37.5279364,126.8588397
서울특별시 양천구 신정중앙로21길37,37.5272701,126.8590648
서울특별시 양천구 국회대로224,37.5287872,126.8597951
서울특별시 양천구 은행정로20길5-17,37.5286817,126.8595942
서울특별시 양천구 목동로25길33-1,37.5286538,126.8604398
서울특별시 양천구 중앙로17길15,37.509617,126.8554358
서울특별시 양천구 목동로25길34,37.528608,126.8609191
서울특별시 양천구 목동로29길15,37.5287114,126.8616438
서울특별시 양천구 국회대로8길8,37.5285752,126.8620045
서울특별시 양천구 국회대로246,37.5290759,126.8622538
서울특별시 양천구 목동로29길1,37.5288894,126.8631956
서울특별시 양천구 국회대로10길2,37.5291946,126.8631706
서울특별시 양천구 목동로23길12,37.5274103,126.8622994
서울특별시 양천구 목동로23길14-1,37.5274798,126.8618436
서울특별시 양천구 목동로23길34,37.5279031,126.8596796
서울특별시 양천구 신정중앙로17길10,37.5277292,126.8602423
서울특별시 양천구 신정중앙로55,37.5272292,126.8580076
서울특별시 양천구 신정중앙로21길12,37.5270005,126.862042
서울특별시 양천구 신정중앙로53,37.5272695,126.8576099
서울특별시 양천구 신정중앙로41,37.527527,126.8563795
서울특별시 양천구 신정중앙로46,37.5270811,126.8565776
서울특별시 양천구 은행정로18길16-1,37.5261888,126.860742
서울특별시 양천구 오목로203-2,37.5259274,126.859988
서울특별시 양천구 은행정로70-10,37.5258543,126.8595106
서울특별시 양천구 목동로21길1,37.5253487,126.8636091
서울특별시 양천구 목동로177,37.5242679,126.8644955
서울특별시 양천구 목동로9길7,37.5227979,126.8637926
서울특별시 양천구 목동로9길22,37.5227849,126.8621672
서울특별시 양천구 목동로9길38,37.5226026,126.8603565
서울특별시 양천구 은행정로7길16,37.5222779,126.8578059
서울특별시 양천구 은행정로7길21,37.5220358,126.8572768
서울특별시 양천구 은행정로7길36,37.5220406,126.8557302
서울특별시 양천구 은행정로7길39,37.5218569,126.8552681
서울특별시 양천구 오목로30길34,37.521932,126.8545644
서울특별시 양천구 은행정로7길39-1,37.5218569,126.8552681
서울특별시 양천구 은행정로7길49,37.5216672,126.8540153
서울특별시 양천구 중앙로46길12-5,37.5219008,126.8536723
서울특별시 양천구 중앙로46길23,37.522373,126.8547002
서울특별시 양천구 중앙로46길45,37.5226511,126.8571746
서울특별시 양천구 중앙로46길55,37.522768,126.8581774
서울특별시 양천구 중앙로46길56,37.5226267,126.8583753
서울특별시 양천구 중앙로46길63,37.5229018,126.8591505
서울특별시 양천구 목동로17길40,37.5242227,126.8596203
서울특별시 양천구 오목로42길12,37.5243066,126.8602797
서울특별시 양천구 목동로17길28,37.5243033,126.8608736
서울특별시 양천구 목동로17길3,37.5244303,126.8637645
서울특별시 양천구 목동로17길1,37.5244432,126.8638932
서울특별시 양천구 목동로19길8,37.5250774,126.8635035
서울특별시 양천구 목동로21길21,37.5250734,126.8613122
서울특별시 양천구 목동로21길16,37.5253428,126.8619677
서울특별시 양천구 목동로21길16-1,37.5253101,126.8618426
서울특별시 양천구 목동로21길14,37.5253796,126.8622352
서울특별시 양천구 목동로19길43,37.5243864,126.8596834
서울특별시 양천구 중앙로48길67,37.5245414,126.8589366
서울특별시 양천구 중앙로48길46,37.5239954,126.8563362
서울특별시 양천구 오목로38길6,37.5243927,126.8563301
서울특별시 양천구 은행정로13길14,37.5247803,126.8576444
서울특별시 양천구 은행정로13길6,37.5249064,126.8584819
서울특별시 양천구 은행정로11길13-1,37.5237889,126.8577082
서울특별시 양천구 오목로40길20,37.5230106,126.8576397
서울특별시 양천구 은행정로11나길2-1,37.5236887,126.8579767
서울특별시 양천구 은행정로11가길6,37.523623,126.8587232
서울특별시 양천구 은행정로11나길7,37.5233348,126.858369
서울특별시 양천구 목동로11길39,37.5228698,126.8605097
서울특별시 양천구 목동로11길24,37.5232509,126.8623716
서울특별시 양천구 오목로48길29,37.5231739,126.8633548
서울특별시 양천구 목동로13길6-1,37.5237363,126.8635555
서울특별시 양천구 오목로48길22,37.5238456,126.8630221
서울특별시 양천구 목동로13길9,37.5235018,126.8630681
서울특별시 양천구 목동로13길15,37.523427,126.8625058
서울특별시 양천구 오목로46길23,37.5235799,126.8620114
서울특별시 양천구 오목로34길15-11,37.5238833,126.8563831
서울특별시 양천구 오목로34길16,37.523446,126.8556137
서울특별시 양천구 오목로38길20,37.5232074,126.8562826
서울특별시 양천구 오목로32길23-9,37.5229522,126.8557061
서울특별시 양천구 오목로32길23-2,37.5227458,126.8554197
서울특별시 양천구 오목로32길22,37.5229101,126.8549805
서울특별시 양천구 오목로32길17-3,37.523319,126.8554313
서울특별시 양천구 오목로34길6-2,37.5243024,126.8553767
서울특별시 양천구 중앙로48길33,37.5239614,126.8551477
서울특별시 양천구 오목로32길10,37.5238487,126.8547648
서울특별시 양천구 중앙로48길16-1,37.5231933,126.853432
서울특별시 양천구 은행정로17길6,37.5266158,126.8582183
서울특별시 양천구 은행정로17길22-1,37.5269261,126.856486
서울특별시 양천구 신정중앙로12길2,37.5273153,126.854335
서울특별시 양천구 신정중앙로12길4,37.5271924,126.8543019
서울특별시 양천구 오목로29길26,37.5269049,126.8539261
서울특별시 양천구 오목로29길20,37.5262748,126.8538011
서울특별시 양천구 오목로29길21-6,37.5266768,126.853261
서울특별시 양천구 중앙로20길13,37.520694,126.8523726
서울특별시 양천구 은행정로17길55,37.5269602,126.8546815
서울특별시 양천구 은행정로17길56,37.5274881,126.8525494
서울특별시 양천구 은행정로17길62,37.527484,126.852132
서울특별시 양천구 중앙로2길5,37.4841253,126.953627
서울특별시 양천구 오목로23길38,37.5273105,126.8500428
서울특별시 양천구 오목로23길30,37.526825,126.8503376
서울특별시 양천구 오목로23길25-1,37.5262742,126.8503132
서울특별시 양천구 중앙로54길19-1,37.5265571,126.8519754
서울특별시 양천구 중앙로54길22,37.5263486,126.8522105
서울특별시 양천구 중앙로52길29,37.5257593,126.8536054
서울특별시 양천구 중앙로52길36,37.525666,126.8542924
서울특별시 양천구 중앙로52길28,37.525543,126.8533236
서울특별시 양천구 중앙로52길41,37.5259329,126.8550542
서울특별시 양천구 오목로159-17,37.5256423,126.8549229
서울특별시 양천구 오목로37길9,37.5259058,126.856074
서울특별시 양천구 중앙로52길55,37.5261224,126.8565797
서울특별시 양천구 중앙로52길62,37.5259963,126.8571439
서울특별시 양천구 은행정로15길15,37.5256024,126.8573129
서울특별시 양천구 중앙로52길72-1,37.5261468,126.8583556
서울특별시 양천구 중앙로52길73,37.5263889,126.8586053
서울특별시 양천구 신목로77,37.5217657,126.873338
서울특별시 양천구 신목로5길6-10,37.5181827,126.873005
서울특별시 양천구 목동동로10길16-5,37.5188532,126.8718864
서울특별시 양천구 신목로5길15,37.5175248,126.8722276
서울특별시 양천구 목동동로8길31-8,37.5163211,126.872429
서울특별시 양천구 목동동로10길12-8,37.5183752,126.870794
서울특별시 양천구 신목로6길6-13,37.518815,126.8742059
서울특별시 양천구 신목로6길6-6,37.5191039,126.8738837
서울특별시 양천구 신목로58-13,37.5203333,126.8740202
서울특별시 양천구 신목로58-17,37.5203832,126.8743453
서울특별시 양천구 신목로12길12,37.5206872,126.8744787
서울특별시 양천구 신목로12길2,37.5212929,126.8740205
서울특별시 양천구 신목로12길11,37.5206381,126.8748109
서울특별시 양천구 신목로4길11,37.5190266,126.8747559
서울특별시 양천구 신목로2길7-10,37.5184598,126.8751343
서울특별시 양천구 신목로2길7,37.5184597,126.8759692
서울특별시 양천구 신목로2길17,37.5192908,126.8761943
서울특별시 양천구 신목로2길21,37.5195471,126.8763397
서울특별시 양천구 목동남로68,37.5096527,126.8666126
서울특별시 양천구 중앙로14길15,37.5068653,126.8619643
서울특별시 양천구 중앙로14길31,37.5075827,126.8631037
서울특별시 양천구 목동남로2길15,37.5079017,126.8644222
서울특별시 양천구 목동남로2길21,37.5077368,126.8645118
서울특별시 양천구 목동남로2길47,37.5065723,126.8642908
서울특별시 양천구 목동남로2길50-3,37.5063195,126.8638626
서울특별시 양천구 목동남로2길58,37.5060878,126.8641274
서울특별시 양천구 중앙로14나길30,37.5056531,126.8659047