마포구 손기정로 2,37.5576787,126.9605147
마포구 마포대로 270,37.5572384,126.9598837
마포구 환일길 13,37.5569899,126.9601832
마포구 환일길 43,37.5544492,126.9610294
마포구 환일7길 18,37.5554826,126.962055
마포구 손기정로12길 4,37.5559352,126.9623215
마포구 마포대로24길 31-8,37.5530796,126.960952
마포구 마포대로 236,37.5547114,126.9579471
마포구 환일길 58-1,37.5530673,126.9612416
마포구 환일길 66,37.5524342,126.9616164
마포구 마포대로28라길 14,37.5549978,126.9596177
마포구 마포18길 12,37.5593115,126.9082589
마포구 만리재로20길 24,37.5505244,126.9631064
마포구 만리재로20길 8,37.5510315,126.9626027
마포구 효창원로95길 14,37.5489009,126.9627001
마포구 만리재로 10안길 26,37.5487601,126.9615722
마포구 만리재로12길 25,37.5491338,126.961095
마포구 만리재로12길 36,37.5488138,126.9606625
마포구 효창목5길 24,37.5480095,126.9614948
마포구 임정로25길 8,37.5465416,126.9600884
마포구 효창목길 31,37.5473864,126.9609222
마포구 효창목5길 1,37.5480732,126.9601643
마포구 효창목길 11,37.5475773,126.9592616
마포구 마포대로14라길 3,37.5477178,126.9571486
마포구 마포대로20길 6-11,37.5518858,126.9569148
마포구 마포대로 214,37.5528629,126.9571955
마포구 마포대로16나길 25,37.5515039,126.9581085
마포구 만리재로10길 4,37.5491457,126.9601428
마포구 만리재로10길 1-8,37.549382,126.9607433
마포구 만리재로12가길 7,37.5496875,126.9615159
마포구 만리재로16길 20-5,37.5497843,126.9623117
마포구 만리재로14길 34,37.5495816,126.9618198
마포구 만리재로14길 15,37.5503756,126.9614682
마포구 만리재로14길 34,37.5495816,126.9618198
마포구 만리재옛길 56,37.5485994,126.9575659
마포구 백범로39길 22,37.5420825,126.9567445
마포구 신촌로34길 23,37.556156,126.9546633
마포구 마포대로4길 18,37.5386891,126.9466592
마포구 마포대로4나길 64,37.5364571,126.9447421
마포구 마포대로4나길 54,37.5369681,126.9447796
마포구 마포대로4나길 23,37.5379711,126.9458618
마포구 마포대로4라길 13,37.5377002,126.946403
마포구 마포대로4길 62,37.5369277,126.9464913
마포구 삼개로5길 29,37.5376962,126.9486684
마포구 도화2안길 29,37.5386716,126.9488627
마포구 도화2안길 11,37.5392337,126.9490435
마포구 도화2길 6,37.5401897,126.9486777
마포구 도화2길 49,37.5388416,126.9504526
마포구 도화4길 94,37.5383001,126.9505012
마포구 도화4길 39,37.5402857,126.9517741
마포구 새창로4길 12,37.5415778,126.9514955
마포구 새창로6나길 30,37.5409751,126.9542938
마포구 도화4길 13-1,37.5412406,126.9508839
마포구 대흥로4길 49,37.5414376,126.9396832
마포구 대흥로2길 21,37.5417768,126.938223
마포구 대흥로2길 75,37.5413796,126.9387592
마포구 토정로25안길 12,37.5440738,126.9406721
마포구 토정로 265-17,37.5435053,126.9399294
마포구 대흥로4길 22,37.5420027,126.9383369
마포구 서강로16길 51,37.5518634,126.9365243
마포구 신촌로22길 9,37.5555751,126.9403985
마포구 서강로16길 21,37.5527212,126.9353164
마포구 신촌로 170,37.5563726,126.9442794
마포구 신촌로26길 10,37.5558507,126.9421878
마포구 고산3길 19,37.5546741,126.9385931
마포구 신촌로20길 44,37.553366,126.9386332
마포구 고산2길 50,37.5537068,126.9402104
마포구 고산2길 58,37.5535838,126.9407622
마포구 신촌로24안길 24,37.5555969,126.9427221
마포구 고산18길 44,37.5524707,126.9451515
마포구 고산2길 75,37.5544411,126.9414332
마포구 서강대길 18,37.5493493,126.9401238
마포구 백범로15길 21,37.5484739,126.9430903
마포구 고산길 104,37.554146,126.9414599
마포구 백범로 64,37.5490622,126.9388607
마포구 마포대로11길 102,37.5490011,126.9487836
마포구 백범로25길 82,37.5494003,126.9480108
마포구 숭문길 32,37.5479522,126.9456228
마포구 백범로17길 56,37.5484898,126.9443137
마포구 백범로17길 18,37.5478226,126.9441864
마포구 숭문5길 16-4,37.5481487,126.9446625
마포구 마포대로11가길 10,37.5483951,126.9493396
마포구 독막로 221,37.5475411,126.9384516
마포구 독막로29길 15,37.5481007,126.9374215
마포구 독막로29길 28,37.5480336,126.938103
마포구 광성로 36-1,37.549596,126.937104
마포구 독막로29길 29-4,37.5483998,126.9382059
마포구 광성로 42-1,37.5495929,126.9376633
마포구 신수로 102,37.5501539,126.936229
마포구 신수로6길 21,37.5487961,126.9352685
마포구 신수로 80,37.5486878,126.9346373
마포구 신수로 90,37.5493971,126.9353631
마포구 광성로 4,37.5497491,126.9334232
마포구 독막로 174,37.5471571,126.9329333
마포구 독막로24길 9,37.5467546,126.9329795
마포구 독막로24길 25,37.5461784,126.9328195
마포구 독막로 188,37.5472436,126.9345364
마포구 독막로26길 22,37.5465924,126.9355877
마포구 토정로15길 26,37.546099,126.9352774
마포구 토정로15안길 5,37.545755,126.9354062
마포구 토정로 221,37.5450681,126.9356206
마포구 독막로26길 42,37.5459099,126.9362853
마포구 독막로28길 34,37.545774,126.9368916
마포구 독막로28길 53,37.5448547,126.937156
마포구 독막로28길 65,37.5442479,126.936864
마포구 독막로32길 43,37.545563,126.9377008
마포구 독막로28길 19,37.5462678,126.9373536
마포구 독막로32길 15,37.5464392,126.9388318
마포구 대흥로9길 24,37.54504,126.9377272
마포구 대흥로9길 10,37.544755,126.9382521
마포구 대흥로11길 5,37.5448777,126.9387112
마포구 토정로16길 10,37.544652,126.9347777
마포구 토정로 210,37.5449449,126.9340784
마포구 신수로 25-8,37.5439864,126.9337681
마포구 토정로14길 23,37.5442673,126.9324339
마포구 신수로3길 11,37.542687,126.9334879
마포구 신수로3길 3-13,37.542309,126.9332055
마포구 신수로8길 32,37.5491946,126.9365636
마포구 서강로 36,37.5462142,126.9313051
마포구 독막로22길 1-18,37.546912,126.9299626
마포구 독막로20길 42,37.546947,126.9275957
마포구 토정로167,37.5462717,126.9296859
마포구 독막로21길 7,37.5482848,126.9282096
마포구 독막로21길 23,37.5492087,126.9292022
마포구 서강로1길 30,37.5491894,126.9302133
마포구 서강로3길 33,37.5494701,126.9300282
마포구 서강로5길 16-19,37.5506586,126.9310253
마포구 와우산로32길 5,37.5548108,126.9306447
마포구 와우산로30길 74,37.5523037,126.9282103
마포구 와우산로30길 56,37.5527977,126.9288453
마포구 와우산로30길 36,37.5532608,126.9298307
마포구 와우산로24길 23,37.552562,126.9261128
마포구 와우산로 59-1,37.5497904,126.922876
마포구 와우산로 29,37.5471395,126.9227884
마포구 독막로 95-21,37.548018,126.9240856
마포구 서강로 75-16,37.5498134,126.9314523
마포구 독막로12길 5,37.5474457,126.920166
마포구 와우산로3안길 49-6,37.5470656,126.9206002
마포구 어울마당로 20,37.5469599,126.9197277
마포구 어울마당로 13,37.546561,126.9190925
마포구 어울마당로 2,37.5455349,126.9189902
마포구 독막로12길 46,37.5460558,126.919388
마포구 어울마당로2길 9,37.5463131,126.9198019
마포구 독막로12안길 27,37.5460005,126.9209317
마포구 와우산로 15-3,37.5459064,126.9226783
마포구 토정로 77,37.5456473,126.9193743
마포구 토정로 95,37.5442073,126.9301836
마포구 와우산로1길 21,37.5455803,126.9218401
마포구 와우산로1길 30,37.5456767,126.9213095
마포구 토정로 104,37.5449051,126.9223701
마포구 토정로 119,37.5452193,126.9242086
마포구 와우산로 10,37.5452969,126.9231218
마포구 토정로11길 42,37.545963,126.9244317
마포구 토정로 11길 17,37.5457072,126.9257562
마포구 토정로11길 11,37.5456783,126.9259781
마포구 토정로 136-7,37.5450533,126.9260016
마포구 독막로 68,37.547611,126.9207756
마포구 와우산로5길 29,37.5469744,126.9213656
마포구 동교로13길 8,37.5549692,126.9135354
마포구 동교로 120,37.5546376,126.9154427
마포구 동교로16길 26,37.5537767,126.9158766
마포구 잔다리로7안길 41,37.5528474,126.9156902
마포구 동교로12길 21,37.5534677,126.9126788
마포구 동교로12길 42,37.5524279,126.9126681
마포구 월드컵북로5길 49,37.5562442,126.9163127
마포구 동교로 157-1,37.5559398,126.9193084
마포구 월드컵로10길 56,37.5554658,126.9147445
마포구 월드컵북로4길 47,37.5583406,126.921655
마포구 월드컵북로4길 60,37.5582566,126.9222707
마포구 동교로27길 26,37.5593258,126.9223861
마포구 월드컵북로4길 87,37.5597027,126.9231548
마포구 동교로25길 5,37.5574022,126.9220076
마포구 동교로 212-2,37.5591034,126.9239498
마포구 신촌로12나길 32,37.5548535,126.9342616
마포구 신촌로12나길 12,37.5553014,126.9331989
마포구 신촌로10길 16,37.5560487,126.9318235
마포구 신촌로 6길 17,37.5565396,126.9300063
마포구 와우산로37길 24,37.5563758,126.929625
마포구 와우산로35길 39,37.5562062,126.9286375
마포구 와우산로 35길 17,37.5557367,126.9295942
마포구 와우산로33길 27,37.555558,126.928879
마포구 와우산로29나길 15,37.5544499,126.9281155
마포구 와우산로29가길 48,37.5538915,126.9269213
마포구 와우산로27길 75,37.5555385,126.9246194
마포구 홍익로2길 37,37.5552197,126.9243244
마포구 와우산로 23길 15,37.5536312,126.9242042
마포구 와우산로25길 19,37.5541946,126.9258356
마포구 서강로 117,37.5541244,126.932885
마포구 월드컵로14길 5,37.5560143,126.9106878
마포구 월드컵로16길 15,37.557267,126.9103904
마포구 잔다리로 117,37.5573199,126.9135948
마포구 월드컵로20길 24,37.5575484,126.9101415
마포구 월드컵북로7길 60,37.5578683,126.9146601
마포구 동교로13길 52-5,37.5567377,126.9123512
마포구 월드컵로16길 47,37.5576766,126.9120657
마포구 양화로8길 17-20,37.5502328,126.9172814
마포구 양화로10길 36,37.5503205,126.9181245
마포구 동교로17길 54,37.5572295,126.9148623
마포구 양화로23길 34,37.5598162,126.9249083
마포구 동교로30길 17-7,37.5601985,126.9253619
마포구 월드컵북로2길 93,37.5587971,126.9248631
마포구 월드컵로14길 51,37.5567183,126.9131857
마포구 월드컵북로9길 17-8,37.5584853,126.9162761
마포구 독막로4길 11,37.5475526,126.9169127
마포구 독막로4길 41,37.546362,126.9163095
마포구 독막로6길 22,37.5470795,126.9171058
마포구 독막로8길 32,37.5465199,126.9175269
마포구 동교로 16-18,37.5511822,126.9047676
마포구 동교로8길 15,37.5513399,126.9052951
마포구 성지1길 33,37.5481038,126.9153606
마포구 성지3길 34,37.5464367,126.9148245
마포구 성지3길 74,37.5459777,126.9169011
마포구 성지길 49,37.5465197,126.9130716
마포구 양화로1길 29,37.5499966,126.9102985
마포구 양화로1길 54,37.5511076,126.9101381
마포구 양화로3길 78,37.5523498,126.9109541
마포구 양화진길 17,37.5478004,126.912731
마포구 양화진길 29,37.547312,126.9125308
마포구 어울마당로3길 19,37.5472083,126.9185994
마포구 월드컵로5길 33-11,37.5511486,126.9107987
마포구 월드컵로5길 36-8,37.5518777,126.9100774
마포구 월드컵로5길 51,37.5512944,126.9095702
마포구 월드컵로5길 59,37.5510813,126.9092844
마포구 월드컵로7길 17,37.5525253,126.9110588
마포구 월드컵로7안길 20,37.5523595,126.9091269
마포구 토정로 9,37.5458849,126.9120173
마포구 토정로 28,37.5454976,126.9140433
마포구 토정로 29,37.5457471,126.9142659
마포구 토정로 46,37.545411,126.9158611
마포구 토정로2길 5,37.5453781,126.9132301
마포구 토정로3안길 26,37.545779,126.9155046
마포구 토정로4길 53,37.5439579,126.9136638
마포구 토정로5길 18,37.5461756,126.9184531
마포구 포은로2가길 29,37.5507155,126.9088919
마포구 희우정로 31,37.5500158,126.9072727
마포구 희우정로 40,37.5506334,126.9069769
마포구 희우정로 46,37.5511785,126.9066068
마포구 희우정로1길 25,37.549055,126.9068953
마포구 희우정로1길 48,37.5500345,126.9064647
마포구 희우정로 41,37.5505422,126.9066486
마포구 동교로3길 36,37.5528639,126.9020149
마포구 동교로3길 53,37.5533003,126.9010981
마포구 동교로3길 80,37.55418,126.9002359
마포구 동교로3길 129,37.5556142,126.8979438
마포구 망원로2길 24,37.5553169,126.9008605
마포구 망원로2길 34,37.5551007,126.9012393
마포구 망원로4길 3,37.5564998,126.9018963
마포구 망원로4길 45,37.5547006,126.9025094
마포구 망원로6길 11,37.5564901,126.9033768
마포구 월드컵로11길 13,37.5546471,126.9102953
마포구 월드컵로11길 37,37.5541205,126.9089899
마포구 월드컵로11길 79,37.5535645,126.9067935
마포구 월드컵로11길 46,37.5542871,126.9084701
마포구 월드컵로11길 46-14,37.5547542,126.908254
마포구 월드컵로11길 65,37.55381,126.9074875
마포구 월드컵로13길 19-26,37.5551111,126.9090781
마포구 월드컵로13길 80,37.5552172,126.9056851
마포구 월드컵로15길 24,37.555879,126.9084688
마포구 월드컵로23길 15-1,37.5570615,126.9080409
마포구 월드컵로23길 41,37.5559805,126.9073302
마포구 월드컵로23길 41,37.5559805,126.9073302
마포구 포은로5길 16,37.5555416,126.904102
마포구 포은로6길 17,37.5558981,126.9060155
마포구 포은로6길 33,37.5561653,126.9066666
마포구 희우정로10길 12,37.5528742,126.9046726
마포구 희우정로12길 25,37.5539287,126.904432
마포구 희우정로16길 31,37.554705,126.9036345
마포구 포은로5길 47,37.5549864,126.9023914
마포구 망원로8길 61,37.5547772,126.9062685
마포구 망원로 7-12,37.5563454,126.8978865
마포구 망원로 14,37.5557999,126.8987233
마포구 망원로 43,37.5568389,126.9017876
마포구 망원로3길 24,37.5577801,126.9014988
마포구 방울내로 41,37.5589596,126.9001669
마포구 방울내로 61,37.5598212,126.9021522
마포구 방울내로5길 38,37.5610079,126.9005327
마포구 방울내로3길 51,37.5608814,126.8987559
마포구 방울내로9안길 33,37.5611215,126.901416
마포구 방울내로9안길 1,37.5618058,126.9028436
마포구 방울내로9안길 71,37.5602198,126.8995859
마포구 방울내로9안길 89,37.5598932,126.8986012
마포구 방울내로9안길 103,37.5595695,126.8978887
마포구 방울내로11길 43,37.5622749,126.9030649
마포구 방울내로11길 81,37.5620142,126.9015122
마포구 월드컵로 123,37.5590485,126.9068646
마포구 방울내로11길 161,37.5603415,126.8974076
마포구 방울내로11길 181,37.5598164,126.8965659
마포구 월드컵로25길 139,37.5567954,126.900031
마포구 월드컵로25길 155,37.5565698,126.8992175
마포구 월드컵로29길 11,37.5600537,126.9054214
마포구 월드컵로29길 76,37.5589175,126.9021611
마포구 월드컵로29길 123,37.5575273,126.9000396
마포구 월드컵로31길 33,37.5609539,126.9031311
마포구 월드컵로31길 78,37.5603093,126.9007741
마포구 월드컵로31길 102,37.5597765,126.8995942
마포구 포은로 132,37.5586414,126.9038404
마포구 망원로7길 62,37.5601572,126.904304
마포구 방울내로1길 24,37.5592628,126.8982569
마포구 동교로52길 16,37.5637468,126.927209
마포구 동교로52길 4,37.5641257,126.9267459
마포구 동교로51길 13,37.56476,126.9259698
마포구 동교로51길 31,37.5652596,126.9251366
마포구 성미산로29길 32,37.5654068,126.9221113
마포구 동교로51길 91,37.56608,126.9220478
마포구 연남로 76,37.5639003,126.9203796
마포구 성미산로29길 30,37.5653174,126.9221981
마포구 성미산로29길 17-3,37.564577,126.9223225
마포구 동교로41길 11,37.5627988,126.9238258
마포구 성미산로 178,37.5637376,126.9251335
마포구 동교로29길 16,37.5613114,126.9237638
마포구 성미산로29길 17-9,37.5644978,126.9219889
마포구 성미산로23길 26,37.5646163,126.9210998
마포구 성미산로23길 46,37.5653533,126.9205135
마포구 성미산로23길 46,37.5653533,126.9205135
마포구 성미산로 126,37.5628144,126.9208421
마포구 성미산로19길 109,37.5665749,126.9174526
마포구 성미산로19길 91,37.5658194,126.917537
마포구 연남로 65,37.5648794,126.9195877
마포구 연남로7길 10,37.5641159,126.9195998
마포구 연남로7길 20,37.5638826,126.9191869
마포구 성미산로19길 31,37.5631017,126.9181225
마포구 성미산로19길 25,37.5628961,126.9182606
마포구 성미산로19길 9,37.5621836,126.9184027
마포구 성미산로15길 6,37.5614859,126.9177979
마포구 월드컵북로8길 23,37.5595583,126.9184585
마포구 연남로1길 88,37.5587682,126.9187138
마포구 동교로23길 106,37.5599805,126.9175421
마포구 연남로3길 73,37.5594789,126.9191234
마포구 연남로3길 18,37.5611906,126.9214738
마포구 성미산로 165,37.5647948,126.924424
마포구 동교로 281,37.5643757,126.9264231
마포구 성산로2길 21,37.5634197,126.9062956
마포구 성산로2길 39,37.5631068,126.905425
마포구 성미산로1길 108,37.5623767,126.905713
마포구 월드컵로30길 12,37.5612163,126.9064236
마포구 월드컵로30다길 9-3,37.5624239,126.9073439
마포구 월드컵로30나길 8,37.5615368,126.9071669
마포구 성미산로5길 48,37.560739,126.9097832
마포구 성미산로7안길 40,37.5599713,126.9108528
마포구 월드컵로26길 6,37.558833,126.908169
마포구 월드컵로28길 29,37.5603857,126.9081222
마포구 성미산로3가길 1,37.5595089,126.9090429
마포구 월드컵북로15길 43,37.5634637,126.9118658
마포구 성산로6길 26,37.5636672,126.9106746
마포구 성산로4안길 27,37.563111,126.9106562
마포구 성산로4길 54,37.5636764,126.909508
마포구 성산로4길 46,37.5634594,126.9092699
마포구 성산로4길 15,37.5633686,126.9079759
마포구 성산로8길 42,37.5639408,126.9120379
마포구 성산로4길 79,37.5637064,126.9090681
마포구 월드컵북로12길 78,37.5645221,126.915229
마포구 성미산로5길 25,37.5597504,126.9102342
마포구 연남로13길 51,37.5657469,126.9146939
마포구 연남로13길 55,37.565678,126.9143662
마포구 연남로13길 71,37.565444,126.9135713
마포구 월드컵북로12안길 62,37.564393,126.9136394
마포구 월드컵북로18길 13,37.5639732,126.9140286
마포구 월드컵북로12안길 34,37.5632659,126.9146561
마포구 연남로13길 33,37.5660297,126.9155507
마포구 연남로13길 27,37.5661304,126.9158902
마포구 성미산로11길 36,37.5621939,126.9163779
마포구 월드컵북로16길 17,37.563069,126.9152242
마포구 동교로17길 86,37.5584458,126.9142292
마포구 성미산로10길 15,37.5587544,126.9153605
마포구 성미산로7길 13,37.5596447,126.9122877
마포구 새터산14길 52,37.5657251,126.9089437
마포구 새터산14길 25,37.5669942,126.9088446
마포구 새터산길 51,37.5670965,126.9070608
마포구 새터산길 25,37.5660061,126.9068606
마포구 새터산길 26,37.5660037,126.907116
마포구 새터산길 22,37.5657794,126.9071772
마포구 새터산4길 2,37.5651798,126.9073361
마포구 새터산12길 34,37.5657523,126.9079016
마포구 월드컵북로31길 14,37.5678842,126.9066528
마포구 모래내로5길 9,37.5662685,126.9099164
마포구 새터산로10길 19,37.5656876,126.9050972
마포구 새터산 7길 5,37.5655609,126.9067993
마포구 새터산5길 44,37.5655174,126.9049762
마포구 새터산14길 46,37.5659969,126.9088642
마포구 월드컵로36길 47,37.5684367,126.9053654
마포구 월드컵북로 198-4,37.5687083,126.9069276
마포구 월드컵로36길 47-16,37.5687444,126.9050429
마포구 월드컵북로 210,37.5691968,126.9058064
마포구 모래내로7길 84,37.5682758,126.9086397
마포구 모래내로7길 62,37.5677002,126.9096211
마포구 모래내로7길 41,37.5672781,126.9106685
마포구 모래내로7길 30,37.5673172,126.9113766
마포구 성암로1길 22,37.567271,126.9119084
마포구 모래내로9길 15,37.5676784,126.9127605
마포구 모래내로9길 24,37.5682041,126.9119743
마포구 성암로5길 37,37.5685427,126.9102993
마포구 성암로3가길 13,37.5689394,126.9106583
마포구 성암로11길 28,37.5732416,126.9019275
마포구 성암로9길 14,37.5729881,126.9034755
마포구 성암로9안길 8-10,37.5733794,126.9034838
마포구 성암로5길 18,37.5694046,126.9098028
마포구 월드컵북로38가길 24,37.5709919,126.9055998
마포구 월드컵북로45길 6-7,37.5751356,126.8946065
마포구 월드컵북로43길 37,37.5743614,126.8941034
마포구 월드컵북로43길 28,37.5743383,126.894853
마포구 월드컵북로45길 9,37.5748448,126.8949769
마포구 월드컵북로43길 20,37.5743833,126.8949934
마포구 월드컵북로43길 6,37.5748569,126.8953485
마포구 매봉산로2길 51,37.5770069,126.8962861
마포구 매봉산로2길 45,37.5773505,126.8959081
마포구 월드컵북로48길 28-12,37.5768997,126.8956324
마포구 매봉산로2안길 12,37.5778677,126.8945046
마포구 월드컵북로48길 5,37.576582,126.8940726
마포구 매봉산로2길 16,37.5782901,126.8946764
마포구 성암로13길 54,37.5758462,126.8977098
마포구 성암로13길 64,37.5754276,126.8977715
마포구 월드컵북로 42가길 6,37.5751048,126.897816
마포구 월드컵북로42다길 14,37.5757285,126.8973683
마포구 월드컵북로42라길 19,37.5761058,126.8967791
마포구 성암로15길 46,37.576879,126.8963119
마포구 성암로 13길 17,37.5772353,126.8967112
마포구 월드컵북로42가길 32,37.5751646,126.897212
마포구 월드컵북로42가길 28,37.5754286,126.8967557
마포구 성암로 211,37.5781898,126.8962737