강남구 개포2동 660-21,37.4859833,127.0679911
강남구 개포2동 167-4,37.4859833,127.0679911
강남구 개포2동 169-3,37.4859833,127.0679911
강남구 개포2동 172-5,37.4859833,127.0679911
강남구 개포2동 161-4,37.4859833,127.0679911
강남구 개포2동 157-5,37.4859833,127.0679911
강남구 개포4동 1262-5,37.4772032,127.0506441
강남구 개포4동 1262-2,37.4772032,127.0506441
강남구 개포4동 1262,37.4772032,127.0506441
강남구 개포4동 1265-5,37.4772032,127.0506441
강남구 개포4동 1267,37.4772032,127.0506441
강남구 개포4동 1252,37.4772032,127.0506441
강남구 개포4동 1252-4,37.4772032,127.0506441
강남구 개포4동 1255,37.4772032,127.0506441
강남구 개포4동 1256,37.4772032,127.0506441
강남구 개포4동 1256-2,37.4772032,127.0506441
강남구 개포4동 1263-8,37.4772032,127.0506441
강남구 개포4동 1260-2,37.4772032,127.0506441
강남구 개포4동 1257-2,37.4772032,127.0506441
강남구 개포4동 1246-4,37.4772032,127.0506441
강남구 개포4동 1239-14,37.4772032,127.0506441
강남구 개포4동 1240-3,37.4772032,127.0506441
강남구 개포4동 1250-5,37.4941741,127.0729621
강남구 개포4동 1238,37.4772032,127.0506441
강남구 개포4동 1239-10,37.4772032,127.0506441
강남구 개포4동 1242-4,37.4772032,127.0506441
강남구 개포4동 1250-7,37.4941741,127.0729621
강남구 개포4동 1211-3,37.4772032,127.0506441
강남구 개포4동 1211-8,37.4772032,127.0506441
강남구 개포4동 1209-9,37.4772032,127.0506441
강남구 개포4동 1208-6,37.4772032,127.0506441
강남구 개포4동 1207-5,37.4772032,127.0506441
강남구 개포4동 1208-8,37.4772032,127.0506441
강남구 개포4동 1217-6,37.4772032,127.0506441
강남구 개포4동 1215-4,37.4772032,127.0506441
강남구 개포4동 1206-8,37.4772032,127.0506441
강남구 개포4동 1204,37.4772032,127.0506441
강남구 개포4동 1203-2,37.4772032,127.0506441
강남구 개포4동 1219-6,37.4772032,127.0506441
강남구 개포4동 1202-1,37.4772032,127.0506441
강남구 개포4동 1201-5,37.4772032,127.0506441
강남구 개포4동 1202-9,37.4772032,127.0506441
강남구 개포4동 1201-9,37.4772032,127.0506441
강남구 개포4동 1203-1,37.4772032,127.0506441
강남구 개포4동 1203-6,37.4772032,127.0506441
강남구 개포4동 1190,37.4772032,127.0506441
강남구 개포4동 1220,37.4772032,127.0506441
강남구 개포4동 1231-17,37.4772032,127.0506441
강남구 개포4동 1233-10,37.4772032,127.0506441
강남구 개포4동 1233-12,37.4772032,127.0506441
강남구 개포4동 1234,37.4772032,127.0506441
강남구 개포4동 1229-3,37.4772032,127.0506441
강남구 개포4동 1229-15,37.4772032,127.0506441
강남구 개포4동 1235-15,37.4772032,127.0506441
강남구 개포4동 1230,37.4772032,127.0506441
강남구 개포4동 1223,37.4772032,127.0506441
강남구 개포4동 1224-2,37.4772032,127.0506441
강남구 개포4동 1195-6,37.4772032,127.0506441
강남구 개포4동 1193-5,37.4772032,127.0506441
강남구 개포4동 1190-11,37.4772032,127.0506441
강남구 개포4동 1163,37.4772032,127.0506441
강남구 개포4동 1169-8,37.4772032,127.0506441
강남구 개포4동 1169-7,37.4772032,127.0506441
강남구 개포4동 1171-6,37.4772032,127.0506441
강남구 개포4동 1189-10,37.4772032,127.0506441
강남구 개포4동 1185,37.4772032,127.0506441
강남구 개포4동 1176-4,37.4772032,127.0506441
강남구 개포4동 1176-3,37.4772032,127.0506441
강남구 개포5동 1176-1,37.4751229,127.0534374
강남구 개포4동 1177-8,37.4772032,127.0506441
강남구 개포4동 1185-4,37.4772032,127.0506441
강남구 개포4동 1167,37.4772032,127.0506441
강남구 개포4동 1164-20,37.4772032,127.0506441
강남구 개포4동 1181-4,37.4772032,127.0506441
강남구 개포4동 1182-29,37.4772032,127.0506441
강남구 개포4동 1182-3,37.4772032,127.0506441
강남구 개포4동 1182,37.4772032,127.0506441
강남구 개포4동 1180-9,37.4772032,127.0506441
강남구 개포4동 1165,37.4772032,127.0506441
강남구 논현1동 36-1,37.512941,127.0265074
강남구 논현1동 34,37.512941,127.0265074
강남구 논현1동 33-23,37.512941,127.0265074
강남구 논현1동 32-13,37.512941,127.0265074
강남구 논현1동 31-9,37.512941,127.0265074
강남구 논현1동 10-5,37.512941,127.0265074
강남구 논현1동 10-1,37.512941,127.0265074
강남구 논현1동 27,37.512941,127.0265074
강남구 논현1동 27,37.512941,127.0265074
강남구 논현1동 11-22,37.512941,127.0265074
강남구 논현1동 12-8,37.512941,127.0265074
강남구 논현1동 14-3,37.512941,127.0265074
강남구 논현1동 4-25,37.512941,127.0265074
강남구 논현1동 21-2,37.512941,127.0265074
강남구 논현1동 26,37.512941,127.0265074
강남구 논현1동 41-1,37.512941,127.0265074
강남구 논현1동 43,37.512941,127.0265074
강남구 논현1동 45,37.512941,127.0265074
강남구 논현1동 47-12,37.512941,127.0265074
강남구 논현1동 47-17,37.512941,127.0265074
강남구 논현1동 43-5,37.512941,127.0265074
강남구 논현1동 41-16,37.512941,127.0265074
강남구 논현1동 42-5,37.512941,127.0265074
강남구 논현1동 57-4,37.512941,127.0265074
강남구 논현1동 39,37.512941,127.0265074
강남구 논현1동 28-14,37.512941,127.0265074
강남구 논현1동 28-21,37.512941,127.0265074
강남구 논현1동 27-3,37.512941,127.0265074
강남구 논현1동 39-10,37.512941,127.0265074
강남구 논현1동 38-5,37.512941,127.0265074
강남구 논현1동 151,37.512941,127.0265074
강남구 논현1동 151,37.512941,127.0265074
강남구 논현1동 151-3,37.512941,127.0265074
강남구 논현1동 150-11,37.512941,127.0265074
강남구 논현1동 150-11,37.512941,127.0265074
강남구 논현1동 150,37.512941,127.0265074
강남구 논현1동 127-16,37.512941,127.0265074
강남구 논현1동 153-1,37.512941,127.0265074
강남구 논현1동 153-1,37.512941,127.0265074
강남구 논현1동 175,37.512941,127.0265074
강남구 논현1동 174-6,37.512941,127.0265074
강남구 논현1동 173-15,37.512941,127.0265074
강남구 논현1동 176-10,37.512941,127.0265074
강남구 논현1동 176-28,37.512941,127.0265074
강남구 논현1동 176-5,37.512941,127.0265074
강남구 논현1동 191-4,37.512941,127.0265074
강남구 논현1동 192-12,37.512941,127.0265074
강남구 논현1동 193-20,37.512941,127.0265074
강남구 논현1동 193-18,37.512941,127.0265074
강남구 논현1동 193-4,37.512941,127.0265074
강남구 논현1동 176-30,37.512941,127.0265074
강남구 논현1동 179-6,37.512941,127.0265074
강남구 논현1동 179-14,37.512941,127.0265074
강남구 논현1동 188,37.512941,127.0265074
강남구 논현1동 205,37.512941,127.0265074
강남구 논현1동 204,37.512941,127.0265074
강남구 논현1동 202-10,37.512941,127.0265074
강남구 논현1동 199-20,37.512941,127.0265074
강남구 논현1동 162-12,37.512941,127.0265074
강남구 논현1동 162-11,37.512941,127.0265074
강남구 논현1동 162-11,37.512941,127.0265074
강남구 논현1동 139-28,37.512941,127.0265074
강남구 논현1동 123-9,37.512941,127.0265074
강남구 논현1동 124-40,37.512941,127.0265074
강남구 논현1동 124-14,37.512941,127.0265074
강남구 논현1동 137-20,37.512941,127.0265074
강남구 논현1동 137-18,37.512941,127.0265074
강남구 논현1동 137-16,37.512941,127.0265074
강남구 논현2동 94-6,37.5226047,127.0385355
강남구 논현2동 99-19,37.5206161,127.0377389
강남구 논현2동 99-23,37.5209531,127.0383722
강남구 논현2동 103-1,37.5198613,127.0384991
강남구 논현2동 103,37.5196301,127.0381309
강남구 논현2동 104,37.5191966,127.0379136
강남구 논현2동 104-5,37.519277,127.0385131
강남구 논현2동 104-37,37.519188,127.0394854
강남구 논현2동 104-30,37.5191075,127.0391496
강남구 논현2동 104-23,37.5190516,127.0387295
강남구 논현2동 104-19,37.5189104,127.0381561
강남구 논현2동 107-5,37.5184706,127.0371604
강남구 논현2동 106-14,37.5177929,127.0361607
강남구 논현2동 107-38,37.5175045,127.036871
강남구 논현2동 107-44,37.5178339,127.037354
강남구 논현2동 108-2,37.5180478,127.0379382
강남구 논현2동 108-10,37.5178491,127.0383673
강남구 논현2동 62-6,37.5206331,127.0328064
강남구 논현2동 64-8,37.5192936,127.0311808
강남구 논현2동 72-4,37.5187528,127.0321966
강남구 논현2동 70,37.519856,127.033688
강남구 논현2동 76-14,37.5182316,127.0328491
강남구 논현2동 76,37.5181653,127.031721
강남구 논현2동 75-75,37.5174153,127.0307045
강남구 논현2동 66-29,37.5182429,127.0294883
강남구 논현2동 80-5,37.5168957,127.0301945
강남구 논현2동 79,37.5169054,127.0310041
강남구 논현2동 75-9,37.5173333,127.0319552
강남구 논현2동 77-23,37.5167721,127.0328997
강남구 논현2동 77-25,37.517099,127.0328925
강남구 논현2동 77-29,37.5177551,127.0328655
강남구 논현2동 270-23,37.5112683,127.0415056
강남구 논현2동 271-14,37.5108028,127.04034
강남구 논현2동 272-27,37.5105276,127.0400508
강남구 논현2동 267-26,37.5134309,127.0418796
강남구 논현2동 265-25,37.5119439,127.040841
강남구 논현2동 255-21,37.5132916,127.0403924
강남구 논현2동 255-5,37.5139001,127.0406531
강남구 논현2동 253-12,37.5141524,127.040524
강남구 논현2동 253-7,37.5145723,127.0404162
강남구 논현2동 242-36,37.5148961,127.0408024
강남구 논현2동 242-2,37.5156427,127.0402681
강남구 논현2동 244,37.5148218,127.0390157
강남구 논현2동 253,37.5142306,127.0393441
강남구 논현2동 256-8,37.5137033,127.0395659
강남구 논현2동 256,37.5131017,127.0390578
강남구 논현2동 257-6,37.5125704,127.0388786
강남구 논현2동 251-1,37.5134915,127.0380783
강남구 논현2동 246-27,37.5146339,127.0372718
강남구 논현2동 248-4,37.5144685,127.0362101
강남구 논현2동 249-6,37.5125944,127.0360626
강남구 논현2동 261-7,37.5118549,127.0365818
강남구 논현2동 262-28,37.5111149,127.0376218
강남구 논현2동 262-31,37.5110705,127.0379489
강남구 논현2동 218-12,37.512281,127.0349133
강남구 논현2동 211-5,37.5135924,127.0345902
강남구 논현2동 206-9,37.5071046,127.0314086
강남구 논현2동 213-33,37.5134735,127.0320826
강남구 논현2동 217,37.512315,127.0326192
강남구 논현2동 221-10,37.5106887,127.0325689
강남구 논현2동 227-4,37.5100181,127.0347773
강남구 논현2동 226-7,37.5099615,127.0351746
강남구 논현2동 227-4,37.5100181,127.0347773
강남구 논현2동 226-7,37.5099615,127.0351746
강남구 논현2동 227-9,37.5097747,127.0343989
강남구 논현2동 229-12,37.5092792,127.0343744
강남구 논현2동 229-20,37.509295,127.0351824
강남구 대치1동 1017-4,37.4972402,127.0605094
강남구 대치1동 1026-4,37.4977274,127.0587731
강남구 대치1동 1015-3,37.4971746,127.0583038
강남구 대치1동 1023-19,37.4970053,127.0566182
강남구 대치2동 951-7,37.5065689,127.0620612
강남구 대치2동 944-27,37.5067339,127.0608651
강남구 대치2동 956-6,37.5061858,127.0600424
강남구 대치2동 954-3,37.5054219,127.0604276
강남구 대치2동 953-13,37.5044486,127.0609084
강남구 대치2동 954-12,37.5050511,127.0601846
강남구 대치2동 955-15,37.5046923,127.0596251
강남구 대치2동 958-5,37.5046433,127.0589479
강남구 대치2동 960-2,37.5037927,127.0589996
강남구 대치2동 967-10,37.5042111,127.0635795
강남구 대치2동 980-1,37.5030226,127.0628573
강남구 대치2동 965-24,37.5032606,127.0612649
강남구 대치2동 971-15,37.5028048,127.0620095
강남구 대치2동 979-16,37.5022157,127.0627171
강남구 대치2동 979-10,37.5022416,127.0622673
강남구 대치2동 982-4,37.502159,127.0649294
강남구 대치2동 987-5,37.5004196,127.0630716
강남구 대치2동 975-19,37.5003515,127.0622124
강남구 대치2동 962-20,37.5015795,127.060185
강남구 대치2동 962-14,37.5021257,127.0600219
강남구 대치4동 903,37.5030791,127.0565483
강남구 대치4동 901-66,37.5041353,127.0559726
강남구 대치4동 901-37,37.5035483,127.0547103
강남구 대치4동 904-1,37.5025695,127.0554889
강남구 대치4동 905-17,37.5023284,127.0548156
강남구 대치4동 901-28,37.5032157,127.0546965
강남구 대치4동 900-59,37.5030332,127.0536507
강남구 대치4동 900-38,37.5022014,127.0531544
강남구 대치4동 890-57,37.5037411,127.0517029
강남구 대치4동 899-23,37.5020746,127.0513494
강남구 대치4동 899-34,37.5017876,127.0519201
강남구 대치4동 920-3,37.5000557,127.0523352
강남구 대치4동 916-15,37.5008741,127.0557445
강남구 대치4동 916-25,37.5013026,127.0564488
강남구 대치4동 916-34,37.501327,127.0571143
강남구 대치4동 912-16,37.5023816,127.058022
강남구 대치4동 930-16,37.4998781,127.0588597
강남구 대치4동 929-12,37.5001527,127.0582503
강남구 대치4동 933-6,37.4993109,127.0578509
강남구 대치4동 934-4,37.4988037,127.056308
강남구 대치4동 935-33,37.4978682,127.0547501
강남구 대치4동 935-21,37.4981913,127.0557581
강남구 대치4동 939-18,37.4979551,127.0561304
강남구 대치4동 940-13,37.4982798,127.0579083
강남구 대치4동 940-4,37.4986416,127.0580674
강남구 대치4동 941-15,37.4993821,127.0601237
강남구 도곡1동 548-1,37.4907571,127.0385183
강남구 도곡1동 546-9,37.4908444,127.0375336
강남구 도곡1동 547-6,37.4903742,127.0376736
강남구 도곡1동 551-21,37.4902084,127.0360387
강남구 도곡1동 941-8,37.4893934,127.0345192
강남구 도곡1동 946-1,37.4888168,127.0325955
강남구 도곡1동 945-16,37.4886523,127.0340913
강남구 도곡1동 944-9,37.4889996,127.0340804
강남구 도곡1동 945-14,37.4885623,127.0339251
강남구 도곡1동 948-23,37.4879309,127.0338903
강남구 도곡1동 949-3,37.4871816,127.0333568
강남구 도곡1동 948-14,37.486924,127.0339489
강남구 도곡1동 951-5,37.4868564,127.0347682
강남구 도곡1동 951-18,37.4864515,127.0348981
강남구 도곡1동 951-11,37.4864083,127.0342063
강남구 도곡1동 950-10,37.4863757,127.0356206
강남구 도곡1동 954-17,37.4855842,127.03564
강남구 도곡1동 955-5,37.4857706,127.0361494
강남구 도곡1동 959-10,37.4864318,127.0362457
강남구 도곡1동 916,37.4854835,127.0376147
강남구 도곡1동 902,37.4863157,127.0383808
강남구 도곡2동 542-12,37.4891782,127.0488329
강남구 도곡2동 164,37.4891782,127.0488329
강남구 도곡2동 161,37.4891782,127.0488329
강남구 도곡2동 184,37.4891782,127.0488329
강남구 도곡2동 182,37.4891782,127.0488329
강남구 도곡2동 422-8,37.4891782,127.0488329
강남구 도곡2동 459-5,37.4891782,127.0488329
강남구 도곡2동 456-15,37.4891782,127.0488329
강남구 도곡2동 423-15,37.4891782,127.0488329
강남구 도곡2동 450-2,37.4891782,127.0488329
강남구 도곡2동 424-13,37.4891782,127.0488329
강남구 도곡2동 515-8,37.4891782,127.0488329
강남구 도곡2동 514-6,37.4891782,127.0488329
강남구 도곡2동 515-4,37.4891782,127.0488329
강남구 도곡2동 416-6,37.4891782,127.0488329
강남구 도곡2동 455,37.4891782,127.0488329
강남구 도곡2동 455,37.4891782,127.0488329
강남구 삼성1동 57-5,37.5191372,127.0555923
강남구 삼성1동 60-12,37.5187589,127.0546355
강남구 삼성1동 61-2,37.5178595,127.0551805
강남구 삼성1동 60-2,37.518045,127.0544709
강남구 삼성1동 60-24,37.5180912,127.0539247
강남구 삼성1동 54-6,37.5180215,127.0523566
강남구 삼성1동 65-6,37.5170744,127.0518942
강남구 삼성1동 64-6,37.5172736,127.052731
강남구 삼성1동 69-8,37.5153355,127.0534072
강남구 삼성1동 111-78,37.5155738,127.0534671
강남구 삼성1동 71-6,37.5139069,127.0536749
강남구 삼성1동 108-3,37.5152009,127.0624417
강남구 삼성1동 109-4,37.5155721,127.0644386
강남구 삼성1동 101-8,37.5160368,127.0644245
강남구 삼성1동 98-14,37.5171822,127.063131
강남구 삼성1동 104-14,37.5165102,127.0627855
강남구 삼성1동 104,37.5161478,127.0622076
강남구 삼성1동 106-5,37.5153265,127.0608788
강남구 삼성1동 91-42,37.5156573,127.0603394
강남구 삼성1동 90-19,37.5162477,127.0603361
강남구 삼성1동 91-15,37.5163479,127.0613865
강남구 삼성1동 92-3,37.5167107,127.0619515
강남구 삼성1동 94,37.5176641,127.0618527
강남구 삼성1동 98,37.5177855,127.0630151
강남구 삼성1동 96-17,37.5181431,127.0636981
강남구 삼성1동 96-9,37.5185257,127.0641029
강남구 삼성1동 95-5,37.5182043,127.0622566
강남구 삼성1동 95,37.5181417,127.061495
강남구 삼성1동 95-4,37.5182909,127.0619887
강남구 삼성1동 85,37.5183027,127.0606029
강남구 삼성1동 90-21,37.5168448,127.0608421
강남구 삼성1동 89,37.5170356,127.0600048
강남구 삼성2동 47-20,37.5130592,127.0496725
강남구 삼성2동 20-3,37.5160444,127.0503312
강남구 삼성2동 24-1,37.5156565,127.0497967
강남구 삼성2동 26-22,37.5150202,127.0488534
강남구 삼성2동 27-5,37.5146639,127.0476531
강남구 삼성2동 27-14,37.5140132,127.0479351
강남구 삼성2동 46-7,37.5127643,127.0485188
강남구 삼성2동 45-10,37.5124356,127.0496992
강남구 삼성2동 27-23,37.5147198,127.0481644
강남구 삼성2동 29,37.5143392,127.0453791
강남구 삼성2동 31-20,37.5137779,127.0453968
강남구 삼성2동 31,37.5133514,127.0455995
강남구 삼성2동 30-1,37.5140534,127.0443649
강남구 삼성2동 34-7,37.5136725,127.0429852
강남구 삼성2동 33-22,37.512864,127.0440149
강남구 삼성2동 35-26,37.5114073,127.0442188
강남구 삼성2동 38,37.5114298,127.0453624
강남구 삼성2동 38-6,37.5113863,127.0458364
강남구 삼성2동 29-18,37.5138943,127.0459519
강남구 삼성2동 29-22,37.5140953,127.0459884
강남구 삼성2동 29-11,37.5133695,127.0458381
강남구 삼성2동 40-22,37.5129973,127.0457276
강남구 삼성2동 114-37,37.5110533,127.0492519
강남구 삼성2동 115-11,37.5109901,127.050597
강남구 삼성2동 122-15,37.5108482,127.0524206
강남구 삼성2동 126-6,37.5092334,127.053837
강남구 삼성2동 124-27,37.5089606,127.0533674
강남구 삼성2동 124-8,37.509276,127.0523417
강남구 삼성2동 124-26,37.50884,127.0533095
강남구 삼성2동 140-14,37.5063068,127.0490121
강남구 삼성2동 125-31,37.5099676,127.0538454
강남구 삼성2동 124-37,37.5094876,127.0521053
강남구 삼성2동 118-22,37.5118239,127.052861
강남구 삼성2동 118-20,37.5119178,127.0526507
강남구 삼성2동 117-9,37.5118341,127.0517028
강남구 삼성2동 117-12,37.5119572,127.0521109
강남구 삼성2동 117-15,37.5121093,127.0525611
강남구 세곡동 348-1,37.4679925,127.1009923
강남구 세곡동 367-11,37.4686248,127.1006059
강남구 세곡동 364-4,37.4687446,127.0998099
강남구 세곡동 372,37.4683547,127.0999509
강남구 세곡동 374-1,37.4682438,127.0994037
강남구 세곡동 429,37.4683662,127.0978998
강남구 세곡동 442-2,37.4685975,127.0961179
강남구 세곡동 421,37.4675622,127.0974292
강남구 세곡동 422-20,37.4676634,127.0987517
강남구 세곡동 375-2,37.4679196,127.0999995
강남구 세곡동 102-30,37.4659714,127.1090762
강남구 세곡동 104-7,37.4663528,127.1096155
강남구 세곡동 100-33,37.4657887,127.1095989
강남구 세곡동 168-7,37.4630475,127.1068832
강남구 세곡동 175-11,37.4631585,127.10558
강남구 세곡동 171-15,37.463639,127.105472
강남구 자곡동 220-46,37.4812771,127.1006739
강남구 자곡동 302-17,37.4808508,127.1036286
강남구 자곡동 440-33,37.4735601,127.0998286
강남구 자곡동 440-129,37.4743868,127.0979918
강남구 자곡동 607,37.4729948,127.0978316
강남구 율현동 251-9,37.4729922,127.1062767
강남구 율현동 298-10,37.4719216,127.1059991
강남구 율현동 300-11,37.4722675,127.1051609
강남구 율현동 308-11,37.4705246,127.1050155
강남구 율현동 319-13,37.4700527,127.1043492
강남구 율현동 320-1,37.4703429,127.1034682
강남구 율현동 290-1,37.4709353,127.1058797
강남구 율현동 315,37.4708103,127.1120705
강남구 율현동 331,37.4708103,127.1120705
강남구 수서동 462-5,37.4863964,127.1006971
강남구 수서동 467-11,37.4863964,127.1006971
강남구 수서동 471-11,37.4849615,127.099297
강남구 신사동 528-6,37.5235332,127.0230659
강남구 신사동 506,37.5235332,127.0230659
강남구 신사동 507,37.5235332,127.0230659
강남구 신사동 522-17,37.5235332,127.0230659
강남구 신사동 522-15,37.5235332,127.0230659
강남구 신사동 545-22,37.5235332,127.0230659
강남구 신사동 554-33,37.5235332,127.0230659
강남구 신사동 561-3,37.5235332,127.0230659
강남구 신사동 569-33,37.5235332,127.0230659
강남구 신사동 558,37.5235332,127.0230659
강남구 신사동 558-1,37.5235332,127.0230659
강남구 신사동 554-1,37.5235332,127.0230659
강남구 신사동 552-14,37.5235332,127.0230659
강남구 신사동 551-11,37.5235332,127.0230659
강남구 신사동 551-22,37.5235332,127.0230659
강남구 신사동 552-19,37.5235332,127.0230659
강남구 신사동 567-2,37.5235332,127.0230659
강남구 신사동 567-35,37.5235332,127.0230659
강남구 신사동 570-11,37.5235332,127.0230659
강남구 압구정동 649-5,37.5271478,127.0334517
강남구 압구정동 647-3,37.5271478,127.0334517
강남구 압구정동 651-10,37.5271478,127.0334517
강남구 압구정동 633-3,37.5271478,127.0334517
강남구 압구정동 622-5,37.5271478,127.0334517
강남구 압구정동 624-25,37.5271478,127.0334517
강남구 압구정동 627,37.5271478,127.0334517
강남구 압구정동 625-5,37.5271478,127.0334517
강남구 압구정동 625-2,37.5271478,127.0334517
강남구 압구정동 601,37.5271478,127.0334517
강남구 압구정동 606-5,37.5271478,127.0334517
강남구 압구정동 608-17,37.5271478,127.0334517
강남구 압구정동 609-2,37.5271478,127.0334517
강남구 압구정동 609-3,37.5271478,127.0334517
강남구 압구정동 613-9,37.5271478,127.0334517
강남구 압구정동 613-7,37.5271478,127.0334517
강남구 압구정동 620,37.5271478,127.0334517
강남구 압구정동 621-10,37.5271478,127.0334517
강남구 압구정동 604,37.5271478,127.0334517
강남구 압구정동 627-30,37.5271478,127.0334517
강남구 압구정동 626-65,37.5271478,127.0334517
강남구 압구정동 595-13,37.5271478,127.0334517
강남구 압구정동 595-8,37.5271478,127.0334517
강남구 압구정동 597-6,37.5271478,127.0334517
강남구 압구정동 597-6,37.5271478,127.0334517
강남구 압구정동 593-32,37.5271478,127.0334517
강남구 압구정동 626-19,37.5271478,127.0334517
강남구 역삼1동 694-6,37.506746,127.0463984
강남구 역삼1동 695-25,37.5066024,127.0458805
강남구 역삼1동 683-6,37.5084088,127.0437071
강남구 역삼1동 681-46,37.5091643,127.0421462
강남구 역삼1동 680-1,37.5083107,127.0397883
강남구 역삼1동 687-3,37.5079535,127.0406857
강남구 역삼1동 689-32,37.5067901,127.0410692
강남구 역삼1동 690-16,37.5065931,127.0418851
강남구 역삼1동 690-29,37.5074117,127.0420832
강남구 역삼1동 685-33,37.508084,127.0421908
강남구 역삼1동 684-20,37.5086573,127.0430513
강남구 역삼1동 695-18,37.5068531,127.0450653
강남구 역삼1동 695-6,37.5062375,127.0457709
강남구 역삼1동 695-7,37.5061469,127.0459181
강남구 역삼1동 691-37,37.5061657,127.0435199
강남구 역삼1동 692-20,37.5070624,127.0437318
강남구 역삼1동 698-14,37.5068404,127.0443961
강남구 역삼1동 697-3,37.5063387,127.0451977
강남구 역삼1동 695-21,37.5069593,127.0452935
강남구 역삼1동 674-43,37.5044597,127.0407405
강남구 역삼1동 674-4,37.5046057,127.0402216
강남구 역삼1동 673-13,37.5047664,127.0395955
강남구 역삼1동 672-20,37.5044418,127.0391212
강남구 역삼1동 671-31,37.5044355,127.0383183
강남구 역삼1동 666-14,37.5045565,127.0363196
강남구 역삼1동 667-4,37.5047031,127.0358774
강남구 역삼1동 666-1,37.504976,127.0362874
강남구 역삼1동 660-24,37.5055713,127.0371451
강남구 역삼1동 660-33,37.505781,127.0377558
강남구 역삼1동 663-2,37.5056717,127.0383422
강남구 역삼1동 663-29,37.5058065,127.0396764
강남구 역삼1동 663-26,37.5056575,127.0391735
강남구 역삼1동 663-20,37.5054531,127.038483
강남구 역삼1동 663-19,37.505386,127.0382524
강남구 역삼1동 660-32,37.505933,127.0376862
강남구 역삼1동 661-21,37.5064477,127.0388085
강남구 역삼1동 656-20,37.5071395,127.0389387
강남구 역삼1동 655-13,37.5069141,127.037216
강남구 역삼1동 650-20,37.506491,127.0350879
강남구 역삼1동 607-25,37.5052563,127.034026
강남구 역삼1동 608-27,37.5043035,127.0336331
강남구 역삼1동 608-25,37.5043164,127.0331456
강남구 역삼1동 609-23,37.5046138,127.0326373
강남구 역삼1동 609-8,37.5048197,127.0323114
강남구 역삼1동 610-9,37.5051513,127.0316648
강남구 역삼1동 614-14,37.5040113,127.0288023
강남구 역삼1동 615-46,37.5041371,127.0285139
강남구 역삼1동 619-7,37.5021846,127.0274598
강남구 역삼1동 619-24,37.5013972,127.0274615
강남구 역삼1동 620-21,37.5012991,127.029067
강남구 역삼1동 621-33,37.5019839,127.0293709
강남구 역삼1동 621-34,37.5021268,127.0293039
강남구 역삼1동 621-5,37.5022248,127.0284665
강남구 역삼1동 622-10,37.5029093,127.0294112
강남구 역삼1동 633-6,37.5029255,127.0310277
강남구 역삼1동 623-27,37.5038994,127.0299827
강남구 역삼1동 613-11,37.5045041,127.0305467
강남구 역삼1동 612-8,37.5027055,127.0284534
강남구 역삼1동 624-15,37.5038439,127.0315334
강남구 역삼1동 632-12,37.5025587,127.0318098
강남구 역삼1동 632-7,37.5018836,127.0318423
강남구 역삼1동 636-1,37.5010524,127.0312147
강남구 역삼1동 636-24,37.5006928,127.0313779
강남구 역삼1동 645-11,37.5013833,127.0333938
강남구 역삼1동 644-2,37.5012682,127.0343105
강남구 역삼1동 643-2,37.5020138,127.0345032
강남구 역삼1동 629-19,37.5031119,127.0330164
강남구 역삼1동 745-3,37.4975669,127.0376108
강남구 역삼1동 747-2,37.495484,127.0371373
강남구 역삼1동 745-14,37.4970742,127.0368391
강남구 역삼1동 741-17,37.4974994,127.0349312
강남구 역삼1동 741-14,37.4977968,127.03448
강남구 역삼1동 741-33,37.4968769,127.0345894
강남구 역삼1동 741-23,37.4971782,127.0350244
강남구 역삼1동 739-12,37.4981911,127.0358576
강남구 역삼1동 739-15,37.4977193,127.0360887
강남구 역삼1동 744-1,37.4971817,127.0360232
강남구 역삼1동 744-3,37.4969974,127.0359199
강남구 역삼1동 830-20,37.494308,127.0321984
강남구 역삼1동 827-68,37.4957347,127.032288
강남구 역삼1동 828-19,37.4971641,127.0328436
강남구 역삼1동 796-2,37.4939456,127.0389139
강남구 역삼1동 796-5,37.4937925,127.0389872
강남구 역삼1동 834-68,37.4930506,127.0350865
강남구 역삼1동 836-26,37.4922802,127.0334257
강남구 역삼1동 836-28,37.492055,127.0335287
강남구 역삼1동 836-21,37.4909838,127.0337051
강남구 역삼1동 836-65,37.491396,127.0342007
강남구 역삼1동 840-51,37.4910926,127.0351234
강남구 역삼1동 794-22,37.492588,127.037229
강남구 역삼1동 793-32,37.4921265,127.0370404
강남구 역삼1동 799-16,37.4921168,127.0384652
강남구 역삼1동 795-25,37.4924958,127.0387954
강남구 역삼1동 796-21,37.4938468,127.0385496
강남구 역삼1동 795-12,37.4931593,127.0383306
강남구 역삼1동 795-15,37.4930231,127.0379753
강남구 역삼1동 794-17,37.4929273,127.0376536
강남구 역삼1동 794-25,37.4924627,127.0379875
강남구 역삼2동 760,37.4984642,127.0449966
강남구 역삼2동 760-2,37.4984642,127.0449966
강남구 역삼2동 760-7,37.4984642,127.0449966
강남구 역삼2동 758,37.4984642,127.0449966
강남구 역삼2동 766-1,37.4984642,127.0449966
강남구 역삼2동 756-5,37.4984642,127.0449966
강남구 역삼2동 768-10,37.4984642,127.0449966
강남구 역삼2동 782-45,37.4984642,127.0449966
강남구 역삼2동 784-7,37.4984642,127.0449966
강남구 역삼2동 783-19,37.4984642,127.0449966
강남구 역삼2동 780-24,37.4984642,127.0449966
강남구 역삼2동 780-29,37.4984642,127.0449966
강남구 역삼2동 781-40,37.4984642,127.0449966
강남구 역삼2동 780,37.4984642,127.0449966
강남구 역삼2동 777-14,37.4984642,127.0449966
강남구 역삼2동 776-1,37.4984642,127.0449966
강남구 역삼2동 773-1,37.4984642,127.0449966
강남구 역삼2동 771-11,37.4984642,127.0449966
강남구 역삼2동 771-19,37.4984642,127.0449966
강남구 역삼2동 771-16,37.4984642,127.0449966
강남구 역삼2동 734-11,37.4984642,127.0449966
강남구 역삼2동 725-57,37.4984642,127.0449966
강남구 역삼2동 725-14,37.4984642,127.0449966
강남구 역삼2동 725-19,37.4984642,127.0449966
강남구 역삼2동 728-38,37.4984642,127.0449966
강남구 역삼2동 728-47,37.4984642,127.0449966
강남구 역삼2동 723-13,37.4984642,127.0449966
강남구 역삼2동 724-3,37.4984642,127.0449966
강남구 역삼2동 724-2,37.4984642,127.0449966
강남구 역삼2동 722-8,37.4984642,127.0449966
강남구 역삼2동 724-31,37.4984642,127.0449966
강남구 역삼2동 728-45,37.4984642,127.0449966
강남구 역삼2동 729-25,37.4984642,127.0449966
강남구 역삼2동 732-27,37.4984642,127.0449966
강남구 일원1동 683-17,37.4909015,127.0812891
강남구 일원1동 680-8,37.4903896,127.0833059
강남구 일원1동 674-2,37.4906275,127.0833825
강남구 일원1동 678-4,37.4909087,127.0830288
강남구 일원1동 671-12,37.4912352,127.0836061
강남구 일원1동 627-15,37.4927634,127.0843626
강남구 일원1동 663-7,37.4924024,127.0842333
강남구 일원1동 628-6,37.4931341,127.0842278
강남구 일원1동 628-9,37.4934414,127.0840799
강남구 일원1동 625-21,37.4936504,127.0836777
강남구 일원1동 625-25,37.4934932,127.0832005
강남구 일원1동 623-10,37.4933611,127.0829008
강남구 일원1동 622-10,37.4931619,127.0822715
강남구 일원1동 622-9,37.49322,127.0824492
강남구 일원1동 620-10,37.4930225,127.0818433
강남구 일원1동 620-9,37.4930804,127.0820211
강남구 일원1동 620-14,37.4934178,127.0816547
강남구 일원1동 622-17,37.4938554,127.0819342
강남구 일원1동 623-19,37.494025,127.0823443
강남구 일원1동 629-19,37.4944008,127.0836244
강남구 일원1동 629-2,37.4944608,127.0838083
강남구 일원1동 639-5,37.4953042,127.0853545
강남구 일원1동 627-7,37.4931904,127.0850905
강남구 일원1동 644-10,37.4918538,127.0873069
강남구 일원1동 646-5,37.4911681,127.0873243
강남구 일원1동 661-3,37.4912485,127.0852867
강남구 일원1동 657-6,37.4917497,127.0855096
강남구 일원1동 661-1,37.4914711,127.0851836
강남구 일원본동 723-3,37.4830106,127.0792182
강남구 일원본동 722-2,37.4827869,127.0788053
강남구 일원본동 729-11,37.4829233,127.0778154
강남구 일원본동 729-8,37.4831889,127.0777554
강남구 일원본동 728-5,37.4834331,127.07801
강남구 일원본동 729-1,37.4837533,127.0776275
강남구 일원본동 728-9,37.4839159,127.077902
강남구 일원본동 724-7,37.4839096,127.0788179
강남구 일원본동 720-7,37.4839928,127.0792568
강남구 일원본동 720-3,37.4836582,127.0795113
강남구 청담동 127-2,37.5233931,127.0479736
강남구 청담동 102-1,37.5233931,127.0479736
강남구 청담동 101-3,37.5233931,127.0479736
강남구 청담동 110,37.5233931,127.0479736
강남구 청담동 105-1,37.5233931,127.0479736
강남구 청담동 117-22,37.5233931,127.0479736
강남구 청담동 104-5,37.5233931,127.0479736
강남구 청담동 113-1,37.5233931,127.0479736
강남구 청담동 116-15,37.5233931,127.0479736
강남구 청담동 94,37.5233931,127.0479736
강남구 청담동 94-6,37.5233931,127.0479736
강남구 청담동 4-13,37.5233931,127.0479736
강남구 청담동 4-10,37.5233931,127.0479736
강남구 청담동 22-13,37.5233931,127.0479736
강남구 청담동 20-7,37.5233931,127.0479736
강남구 청담동 19-29,37.5233931,127.0479736
강남구 청담동 18-10,37.5233931,127.0479736
강남구 청담동 16,37.5233931,127.0479736
강남구 청담동 18-36,37.5233931,127.0479736
강남구 청담동 17-18,37.5233931,127.0479736
강남구 청담동 16-19,37.5233931,127.0479736
강남구 청담동 28-12,37.5233931,127.0479736
강남구 청담동 26-39,37.5233931,127.0479736
강남구 청담동 38-8,37.5233931,127.0479736
강남구 청담동 38-1,37.5233931,127.0479736
강남구 청담동 39-7,37.5233931,127.0479736
강남구 청담동 40-8,37.5233931,127.0479736
강남구 청담동 40-7,37.5233931,127.0479736
강남구 청담동 41-3,37.5233931,127.0479736
강남구 청담동 37-12,37.5233931,127.0479736
강남구 청담동 43-8,37.5233931,127.0479736
강남구 청담동 36-1,37.5233931,127.0479736
강남구 청담동 26-31,37.5233931,127.0479736
강남구 청담동 26-20,37.5233931,127.0479736
강남구 청담동 28-5,37.5233931,127.0479736
강남구 청담동 16-14,37.5233931,127.0479736
강남구 청담동 16-4,37.5233931,127.0479736
강남구 청담동 17-25,37.5233931,127.0479736
강남구 청담동 13-37,37.5233931,127.0479736
강남구 청담동 11-22,37.5233931,127.0479736
강남구 청담동 11-23,37.5233931,127.0479736
강남구 청담동 11-41,37.5233931,127.0479736
강남구 청담동 35-6,37.5233931,127.0479736
강남구 청담동 34-3,37.5233931,127.0479736
강남구 청담동 33,37.5233931,127.0479736
강남구 청담동 32-7,37.5233931,127.0479736
강남구 청담동 9-10,37.5233931,127.0479736
강남구 청담동 63-27,37.5233931,127.0479736
강남구 청담동 63-26,37.5233931,127.0479736
강남구 청담동 76-11,37.5233931,127.0479736
강남구 청담동 70-18,37.5233931,127.0479736
강남구 청담동 70-16,37.5233931,127.0479736
강남구 청담동 70,37.5233931,127.0479736
강남구 청담동 69,37.5233931,127.0479736
강남구 청담동 69-5,37.5233931,127.0479736
강남구 청담동 54-7,37.5233931,127.0479736
강남구 청담동 55-20,37.5233931,127.0479736
강남구 청담동 55-18,37.5233931,127.0479736
강남구 청담동 56-17,37.5233931,127.0479736
강남구 청담동 57-3,37.5233931,127.0479736
강남구 청담동 52,37.5233931,127.0479736
강남구 청담동 58-4,37.5233931,127.0479736
강남구 청담동 58,37.5233931,127.0479736
강남구 청담동 62-9,37.5233931,127.0479736
강남구 청담동 56-17,37.5233931,127.0479736
강남구 청담동 77-52,37.5233931,127.0479736